2026-05-15 20:24:54 | INFO     | SEDAI        | === Système de logging SEDAI initialisé ===
2026-05-15 20:24:54 | INFO     | SEDAI        | ==================================================
2026-05-15 20:24:54 | INFO     | SEDAI        |    SEDAI - Système Embarqué de Diagnostic Auto (v2.0)    
2026-05-15 20:24:54 | INFO     | SEDAI        | ==================================================
2026-05-15 20:24:54 | INFO     | SEDAI        | [SEDAI: 1/4] Vérification du modèle llama-cpp-python...
2026-05-15 20:24:54 | INFO     | STARTUP      | [STARTUP] Vérification du modèle llama.cpp...
2026-05-15 20:24:54 | WARNING  | STARTUP      | [STARTUP] Modèle introuvable : C:\code\SEDAI\src\models\google_gemma-3-4b-it-Q4_K_M.gguf
2026-05-15 20:24:54 | INFO     | STARTUP      | [STARTUP] Début du téléchargement automatique depuis bartowski/google_gemma-3-4b-it-GGUF...
2026-05-15 20:24:54 | ERROR    | STARTUP      | [STARTUP] ERREUR : La librairie 'huggingface_hub' n'est pas installée.
2026-05-15 20:24:54 | ERROR    | STARTUP      | [STARTUP] Exécutez : pip install huggingface_hub
2026-05-15 20:24:54 | ERROR    | SEDAI        | [SEDAI] ERREUR FATALE : Modèle llama-cpp-python inaccessible ou échec au chargement.
2026-05-23 21:00:20 | INFO     | SEDAI        | === Système de logging SEDAI initialisé ===
2026-05-23 21:00:20 | INFO     | SEDAI        | ==================================================
2026-05-23 21:00:20 | INFO     | SEDAI        |    SEDAI - Système Embarqué de Diagnostic Auto (v2.0)    
2026-05-23 21:00:20 | INFO     | SEDAI        | ==================================================
2026-05-23 21:00:20 | INFO     | SEDAI        | [SEDAI: 1/4] Vérification du modèle llama-cpp-python...
2026-05-23 21:00:20 | INFO     | STARTUP      | [STARTUP] Vérification du modèle llama.cpp...
2026-05-23 21:00:20 | INFO     | STARTUP      | [STARTUP] Modèle llama.cpp trouvé : /home/sedai/SEDAI/src/models/google_gemma-3-4b-it-Q5_K_M.gguf
2026-05-23 21:00:20 | INFO     | STARTUP      | [STARTUP] Sous-système IA initialisé avec succès.
2026-05-23 21:00:20 | INFO     | SEDAI        | [SEDAI] Chargement du modèle GGUF en mémoire (peut prendre jusqu'à 5 min)...
2026-05-23 21:00:57 | INFO     | SEDAI        | [SEDAI] Modèle chargé avec succès.
2026-05-23 21:00:57 | INFO     | SEDAI        | [SEDAI] Pré-chauffage du cache IA (Prefix Caching)...
2026-05-23 21:02:39 | INFO     | SEDAI        | [SEDAI] Cache initialisé. Système prêt pour une réactivité maximale.
2026-05-23 21:02:39 | INFO     | SEDAI        | [SEDAI: 2/4] Création du pipeline transactionnel...
2026-05-23 21:02:39 | INFO     | SEDAI        | [SEDAI: 3/4] Instanciation et couplage modulaire...
2026-05-23 21:02:39 | INFO     | MEMORY       | [MEMORY] Historique chargé : 2 échanges trouvés.
2026-05-23 21:02:39 | INFO     | TTS          | [TTS] Restauration du volume matériel sur la carte 0...
2026-05-23 21:02:39 | INFO     | VOICE        | [VOICE] Chargement du modèle ASR depuis /home/sedai/SEDAI/src/models/vosk/vosk-model-fr-0.6-linto-2.2.0...
2026-05-23 21:03:10 | INFO     | VOICE        | [VOICE] Modèle Vosk chargé avec succès.
2026-05-23 21:03:10 | INFO     | WS           | [WS] Carte audio USB détectée à l'index 0.
2026-05-23 21:03:10 | INFO     | SEDAI        | [SEDAI: 4/4] Top-départ de l'orchestrateur (Daemonisation)...
2026-05-23 21:03:10 | INFO     | TTS          | [TTS] Démarrage du thread de synthèse vocale.
2026-05-23 21:03:10 | INFO     | VOICE        | [VOICE] Démarrage du thread de reconnaissance vocale (Vosk Asynchrone).
2026-05-23 21:03:10 | INFO     | OBD          | [OBD] Démarrage du thread d'acquisition (time-slicing v2.1).
2026-05-23 21:03:10 | INFO     | OBD          | [OBD] Tentative de reconnexion dans 3s (essai #1)...
2026-05-23 21:03:10 | INFO     | MONITOR      | [MONITOR] Démarrage du thread de surveillance.
2026-05-23 21:03:10 | INFO     | DIAGNOSTIC   | [DIAGNOSTIC] Démarrage du thread de diagnostic IA.
2026-05-23 21:03:10 | INFO     | WS           | [WS] Serveur prêt sur 0.0.0.0:8765
2026-05-23 21:03:10 | INFO     | SEDAI        | [SEDAI] Système Opérationnel. Lancement autonome achevé à 100%.
2026-05-23 21:03:10 | INFO     | WS           | [WS] Démarrage de la boucle de diffusion (broadcast).
2026-05-23 21:03:13 | INFO     | OBD          | [OBD] Aucun port série USB physique (/dev/ttyUSB* ou /dev/ttyACM*) détecté. Recherche suspendue. Veuillez brancher l'adaptateur ELM327.
2026-05-23 21:03:13 | INFO     | OBD          | [OBD] Tentative de reconnexion dans 6s (essai #2)...
2026-05-23 21:03:19 | INFO     | OBD          | [OBD] Aucun port série USB physique (/dev/ttyUSB* ou /dev/ttyACM*) détecté. Recherche suspendue. Veuillez brancher l'adaptateur ELM327.
2026-05-23 21:03:19 | INFO     | OBD          | [OBD] Tentative de reconnexion dans 12s (essai #3)...
2026-05-23 21:03:19 | INFO     | TTS          | [TTS] Synthèse et lecture [Priorité 0] : Lancement réussi. Le diagnostic intelligent est opérationnel.
2026-05-23 21:03:30 | INFO     | SEDAI        | [SEDAI] Signal de terminaison reçu. Entame de la décroissance propre...
2026-05-23 21:03:30 | INFO     | OBD          | [OBD] Thread OBD arrêté proprement.
2026-05-23 21:03:30 | INFO     | MONITOR      | [MONITOR] Arrêt du thread de surveillance.
2026-05-23 21:03:31 | INFO     | VOICE        | [VOICE] Arrêt du thread de reconnaissance vocale.
2026-05-23 21:03:31 | INFO     | TTS          | [TTS] Arrêt du thread TTS.
2026-05-23 21:03:31 | INFO     | DIAGNOSTIC   | [DIAGNOSTIC] Arrêt du thread de diagnostic.
2026-05-23 21:03:31 | INFO     | SEDAI        | [SEDAI] Initiation aux process de fermeture...
2026-05-23 21:03:31 | INFO     | SEDAI        | [SEDAI] Extinction complète !
2026-05-23 21:03:34 | INFO     | SEDAI        | === Système de logging SEDAI initialisé ===
2026-05-23 21:03:34 | INFO     | SEDAI        | ==================================================
2026-05-23 21:03:34 | INFO     | SEDAI        |    SEDAI - Système Embarqué de Diagnostic Auto (v2.0)    
2026-05-23 21:03:34 | INFO     | SEDAI        | ==================================================
2026-05-23 21:03:34 | INFO     | SEDAI        | [SEDAI: 1/4] Vérification du modèle llama-cpp-python...
2026-05-23 21:03:34 | INFO     | STARTUP      | [STARTUP] Vérification du modèle llama.cpp...
2026-05-23 21:03:34 | INFO     | STARTUP      | [STARTUP] Modèle llama.cpp trouvé : /home/sedai/SEDAI/src/models/google_gemma-3-4b-it-Q5_K_M.gguf
2026-05-23 21:03:34 | INFO     | STARTUP      | [STARTUP] Sous-système IA initialisé avec succès.
2026-05-23 21:03:34 | INFO     | SEDAI        | [SEDAI] Chargement du modèle GGUF en mémoire (peut prendre jusqu'à 5 min)...
2026-05-23 21:04:14 | INFO     | SEDAI        | [SEDAI] Modèle chargé avec succès.
2026-05-23 21:04:14 | INFO     | SEDAI        | [SEDAI] Pré-chauffage du cache IA (Prefix Caching)...
2026-05-23 21:05:58 | INFO     | SEDAI        | [SEDAI] Cache initialisé. Système prêt pour une réactivité maximale.
2026-05-23 21:05:58 | INFO     | SEDAI        | [SEDAI: 2/4] Création du pipeline transactionnel...
2026-05-23 21:05:58 | INFO     | SEDAI        | [SEDAI: 3/4] Instanciation et couplage modulaire...
2026-05-23 21:05:58 | INFO     | MEMORY       | [MEMORY] Historique chargé : 2 échanges trouvés.
2026-05-23 21:05:58 | INFO     | TTS          | [TTS] Restauration du volume matériel sur la carte 0...
2026-05-23 21:05:58 | INFO     | VOICE        | [VOICE] Chargement du modèle ASR depuis /home/sedai/SEDAI/src/models/vosk/vosk-model-fr-0.6-linto-2.2.0...
2026-05-23 21:06:29 | INFO     | VOICE        | [VOICE] Modèle Vosk chargé avec succès.
2026-05-23 21:06:29 | INFO     | WS           | [WS] Carte audio USB détectée à l'index 0.
2026-05-23 21:06:29 | INFO     | SEDAI        | [SEDAI: 4/4] Top-départ de l'orchestrateur (Daemonisation)...
2026-05-23 21:06:29 | INFO     | TTS          | [TTS] Démarrage du thread de synthèse vocale.
2026-05-23 21:06:29 | INFO     | VOICE        | [VOICE] Démarrage du thread de reconnaissance vocale (Vosk Asynchrone).
2026-05-23 21:06:29 | INFO     | OBD          | [OBD] Démarrage du thread d'acquisition (time-slicing v2.1).
2026-05-23 21:06:29 | INFO     | MONITOR      | [MONITOR] Démarrage du thread de surveillance.
2026-05-23 21:06:29 | INFO     | DIAGNOSTIC   | [DIAGNOSTIC] Démarrage du thread de diagnostic IA.
2026-05-23 21:06:29 | INFO     | WS           | [WS] Serveur prêt sur 0.0.0.0:8765
2026-05-23 21:06:29 | INFO     | SEDAI        | [SEDAI] Système Opérationnel. Lancement autonome achevé à 100%.
2026-05-23 21:06:29 | INFO     | OBD          | [OBD] Tentative de reconnexion dans 3s (essai #1)...
2026-05-23 21:06:29 | INFO     | WS           | [WS] Démarrage de la boucle de diffusion (broadcast).
2026-05-23 21:06:32 | INFO     | OBD          | [OBD] Aucun port série USB physique (/dev/ttyUSB* ou /dev/ttyACM*) détecté. Recherche suspendue. Veuillez brancher l'adaptateur ELM327.
2026-05-23 21:06:32 | INFO     | OBD          | [OBD] Tentative de reconnexion dans 6s (essai #2)...
2026-05-23 21:06:38 | INFO     | OBD          | [OBD] Aucun port série USB physique (/dev/ttyUSB* ou /dev/ttyACM*) détecté. Recherche suspendue. Veuillez brancher l'adaptateur ELM327.
2026-05-23 21:06:38 | INFO     | OBD          | [OBD] Tentative de reconnexion dans 12s (essai #3)...
2026-05-23 21:06:38 | INFO     | TTS          | [TTS] Synthèse et lecture [Priorité 0] : Salut! Système opérationnel, prêt pour l'analyse du moteur.
2026-05-23 21:06:50 | INFO     | OBD          | [OBD] Aucun port série USB physique (/dev/ttyUSB* ou /dev/ttyACM*) détecté. Recherche suspendue. Veuillez brancher l'adaptateur ELM327.
2026-05-23 21:06:50 | INFO     | OBD          | [OBD] Tentative de reconnexion dans 24s (essai #4)...
2026-05-23 21:06:51 | INFO     | SEDAI        | [SEDAI] Signal de terminaison reçu. Entame de la décroissance propre...
2026-05-23 21:06:51 | INFO     | OBD          | [OBD] Thread OBD arrêté proprement.
2026-05-23 21:06:51 | INFO     | MONITOR      | [MONITOR] Arrêt du thread de surveillance.
2026-05-23 21:06:51 | INFO     | VOICE        | [VOICE] Arrêt du thread de reconnaissance vocale.
2026-05-23 21:06:52 | INFO     | TTS          | [TTS] Arrêt du thread TTS.
2026-05-23 21:06:52 | INFO     | DIAGNOSTIC   | [DIAGNOSTIC] Arrêt du thread de diagnostic.
2026-05-23 21:06:52 | INFO     | SEDAI        | [SEDAI] Initiation aux process de fermeture...
2026-05-23 21:06:52 | INFO     | SEDAI        | [SEDAI] Extinction complète !
2026-05-23 21:06:55 | INFO     | SEDAI        | === Système de logging SEDAI initialisé ===
2026-05-23 21:06:55 | INFO     | SEDAI        | ==================================================
2026-05-23 21:06:55 | INFO     | SEDAI        |    SEDAI - Système Embarqué de Diagnostic Auto (v2.0)    
2026-05-23 21:06:55 | INFO     | SEDAI        | ==================================================
2026-05-23 21:06:55 | INFO     | SEDAI        | [SEDAI: 1/4] Vérification du modèle llama-cpp-python...
2026-05-23 21:06:55 | INFO     | STARTUP      | [STARTUP] Vérification du modèle llama.cpp...
2026-05-23 21:06:55 | INFO     | STARTUP      | [STARTUP] Modèle llama.cpp trouvé : /home/sedai/SEDAI/src/models/google_gemma-3-4b-it-Q5_K_M.gguf
2026-05-23 21:06:55 | INFO     | STARTUP      | [STARTUP] Sous-système IA initialisé avec succès.
2026-05-23 21:06:55 | INFO     | SEDAI        | [SEDAI] Chargement du modèle GGUF en mémoire (peut prendre jusqu'à 5 min)...
2026-05-23 21:07:36 | INFO     | SEDAI        | [SEDAI] Modèle chargé avec succès.
2026-05-23 21:07:36 | INFO     | SEDAI        | [SEDAI] Pré-chauffage du cache IA (Prefix Caching)...
2026-05-23 21:09:20 | INFO     | SEDAI        | [SEDAI] Cache initialisé. Système prêt pour une réactivité maximale.
2026-05-23 21:09:20 | INFO     | SEDAI        | [SEDAI: 2/4] Création du pipeline transactionnel...
2026-05-23 21:09:20 | INFO     | SEDAI        | [SEDAI: 3/4] Instanciation et couplage modulaire...
2026-05-23 21:09:20 | INFO     | MEMORY       | [MEMORY] Historique chargé : 2 échanges trouvés.
2026-05-23 21:09:20 | INFO     | TTS          | [TTS] Restauration du volume matériel sur la carte 0...
2026-05-23 21:09:20 | INFO     | VOICE        | [VOICE] Chargement du modèle ASR depuis /home/sedai/SEDAI/src/models/vosk/vosk-model-fr-0.6-linto-2.2.0...
2026-05-23 21:09:51 | INFO     | VOICE        | [VOICE] Modèle Vosk chargé avec succès.
2026-05-23 21:09:51 | INFO     | WS           | [WS] Carte audio USB détectée à l'index 0.
2026-05-23 21:09:51 | INFO     | SEDAI        | [SEDAI: 4/4] Top-départ de l'orchestrateur (Daemonisation)...
2026-05-23 21:09:51 | INFO     | TTS          | [TTS] Démarrage du thread de synthèse vocale.
2026-05-23 21:09:51 | INFO     | VOICE        | [VOICE] Démarrage du thread de reconnaissance vocale (Vosk Asynchrone).
2026-05-23 21:09:51 | INFO     | OBD          | [OBD] Démarrage du thread d'acquisition (time-slicing v2.1).
2026-05-23 21:09:51 | INFO     | MONITOR      | [MONITOR] Démarrage du thread de surveillance.
2026-05-23 21:09:51 | INFO     | DIAGNOSTIC   | [DIAGNOSTIC] Démarrage du thread de diagnostic IA.
2026-05-23 21:09:51 | INFO     | WS           | [WS] Serveur prêt sur 0.0.0.0:8765
2026-05-23 21:09:51 | INFO     | OBD          | [OBD] Tentative de reconnexion dans 3s (essai #1)...
2026-05-23 21:09:51 | INFO     | SEDAI        | [SEDAI] Système Opérationnel. Lancement autonome achevé à 100%.
2026-05-23 21:09:51 | INFO     | WS           | [WS] Démarrage de la boucle de diffusion (broadcast).
2026-05-23 21:09:54 | INFO     | OBD          | [OBD] Aucun port série USB physique (/dev/ttyUSB* ou /dev/ttyACM*) détecté. Recherche suspendue. Veuillez brancher l'adaptateur ELM327.
2026-05-23 21:09:54 | INFO     | OBD          | [OBD] Tentative de reconnexion dans 6s (essai #2)...
2026-05-23 21:10:00 | INFO     | OBD          | [OBD] Aucun port série USB physique (/dev/ttyUSB* ou /dev/ttyACM*) détecté. Recherche suspendue. Veuillez brancher l'adaptateur ELM327.
2026-05-23 21:10:00 | INFO     | OBD          | [OBD] Tentative de reconnexion dans 12s (essai #3)...
2026-05-23 21:10:00 | INFO     | TTS          | [TTS] Synthèse et lecture [Priorité 0] : Lancement réussi. Le diagnostic intelligent est opérationnel.
2026-05-23 21:10:12 | INFO     | OBD          | [OBD] Aucun port série USB physique (/dev/ttyUSB* ou /dev/ttyACM*) détecté. Recherche suspendue. Veuillez brancher l'adaptateur ELM327.
2026-05-23 21:10:12 | INFO     | OBD          | [OBD] Tentative de reconnexion dans 24s (essai #4)...
2026-05-23 21:10:19 | INFO     | SEDAI        | [SEDAI] Signal de terminaison reçu. Entame de la décroissance propre...
2026-05-23 21:10:19 | INFO     | OBD          | [OBD] Thread OBD arrêté proprement.
2026-05-23 21:10:19 | INFO     | MONITOR      | [MONITOR] Arrêt du thread de surveillance.
2026-05-23 21:10:20 | INFO     | VOICE        | [VOICE] Arrêt du thread de reconnaissance vocale.
2026-05-23 21:10:20 | INFO     | TTS          | [TTS] Arrêt du thread TTS.
2026-05-23 21:10:20 | INFO     | DIAGNOSTIC   | [DIAGNOSTIC] Arrêt du thread de diagnostic.
2026-05-23 21:10:20 | INFO     | SEDAI        | [SEDAI] Initiation aux process de fermeture...
2026-05-23 21:10:20 | INFO     | SEDAI        | [SEDAI] Extinction complète !
2026-05-23 21:10:23 | INFO     | SEDAI        | === Système de logging SEDAI initialisé ===
2026-05-23 21:10:23 | INFO     | SEDAI        | ==================================================
2026-05-23 21:10:23 | INFO     | SEDAI        |    SEDAI - Système Embarqué de Diagnostic Auto (v2.0)    
2026-05-23 21:10:23 | INFO     | SEDAI        | ==================================================
2026-05-23 21:10:23 | INFO     | SEDAI        | [SEDAI: 1/4] Vérification du modèle llama-cpp-python...
2026-05-23 21:10:23 | INFO     | STARTUP      | [STARTUP] Vérification du modèle llama.cpp...
2026-05-23 21:10:23 | INFO     | STARTUP      | [STARTUP] Modèle llama.cpp trouvé : /home/sedai/SEDAI/src/models/google_gemma-3-4b-it-Q5_K_M.gguf
2026-05-23 21:10:23 | INFO     | STARTUP      | [STARTUP] Sous-système IA initialisé avec succès.
2026-05-23 21:10:23 | INFO     | SEDAI        | [SEDAI] Chargement du modèle GGUF en mémoire (peut prendre jusqu'à 5 min)...
2026-05-23 21:11:05 | INFO     | SEDAI        | [SEDAI] Modèle chargé avec succès.
2026-05-23 21:11:05 | INFO     | SEDAI        | [SEDAI] Pré-chauffage du cache IA (Prefix Caching)...
2026-05-23 21:12:49 | INFO     | SEDAI        | [SEDAI] Cache initialisé. Système prêt pour une réactivité maximale.
2026-05-23 21:12:49 | INFO     | SEDAI        | [SEDAI: 2/4] Création du pipeline transactionnel...
2026-05-23 21:12:49 | INFO     | SEDAI        | [SEDAI: 3/4] Instanciation et couplage modulaire...
2026-05-23 21:12:49 | INFO     | MEMORY       | [MEMORY] Historique chargé : 2 échanges trouvés.
2026-05-23 21:12:49 | INFO     | TTS          | [TTS] Restauration du volume matériel sur la carte 0...
2026-05-23 21:12:49 | INFO     | VOICE        | [VOICE] Chargement du modèle ASR depuis /home/sedai/SEDAI/src/models/vosk/vosk-model-fr-0.6-linto-2.2.0...
2026-05-23 21:13:18 | INFO     | VOICE        | [VOICE] Modèle Vosk chargé avec succès.
2026-05-23 21:13:18 | INFO     | WS           | [WS] Carte audio USB détectée à l'index 0.
2026-05-23 21:13:18 | INFO     | SEDAI        | [SEDAI: 4/4] Top-départ de l'orchestrateur (Daemonisation)...
2026-05-23 21:13:18 | INFO     | TTS          | [TTS] Démarrage du thread de synthèse vocale.
2026-05-23 21:13:18 | INFO     | VOICE        | [VOICE] Démarrage du thread de reconnaissance vocale (Vosk Asynchrone).
2026-05-23 21:13:18 | INFO     | OBD          | [OBD] Démarrage du thread d'acquisition (time-slicing v2.1).
2026-05-23 21:13:18 | INFO     | MONITOR      | [MONITOR] Démarrage du thread de surveillance.
2026-05-23 21:13:18 | INFO     | DIAGNOSTIC   | [DIAGNOSTIC] Démarrage du thread de diagnostic IA.
2026-05-23 21:13:18 | INFO     | WS           | [WS] Serveur prêt sur 0.0.0.0:8765
2026-05-23 21:13:18 | INFO     | SEDAI        | [SEDAI] Système Opérationnel. Lancement autonome achevé à 100%.
2026-05-23 21:13:18 | INFO     | OBD          | [OBD] Tentative de reconnexion dans 3s (essai #1)...
2026-05-23 21:13:18 | INFO     | WS           | [WS] Démarrage de la boucle de diffusion (broadcast).
2026-05-23 21:13:21 | INFO     | OBD          | [OBD] Aucun port série USB physique (/dev/ttyUSB* ou /dev/ttyACM*) détecté. Recherche suspendue. Veuillez brancher l'adaptateur ELM327.
2026-05-23 21:13:21 | INFO     | OBD          | [OBD] Tentative de reconnexion dans 6s (essai #2)...
2026-05-23 21:13:27 | INFO     | OBD          | [OBD] Aucun port série USB physique (/dev/ttyUSB* ou /dev/ttyACM*) détecté. Recherche suspendue. Veuillez brancher l'adaptateur ELM327.
2026-05-23 21:13:27 | INFO     | OBD          | [OBD] Tentative de reconnexion dans 12s (essai #3)...
2026-05-23 21:13:27 | INFO     | TTS          | [TTS] Synthèse et lecture [Priorité 0] : Salut! Système SEDAI démarré et prêt pour le diagnostic.
2026-05-23 21:13:39 | INFO     | SEDAI        | [SEDAI] Signal de terminaison reçu. Entame de la décroissance propre...
2026-05-23 21:13:39 | INFO     | OBD          | [OBD] Thread OBD arrêté proprement.
2026-05-23 21:13:39 | INFO     | MONITOR      | [MONITOR] Arrêt du thread de surveillance.
2026-05-23 21:13:39 | INFO     | TTS          | [TTS] Arrêt du thread TTS.
2026-05-23 21:13:39 | INFO     | VOICE        | [VOICE] Arrêt du thread de reconnaissance vocale.
2026-05-23 21:13:39 | INFO     | DIAGNOSTIC   | [DIAGNOSTIC] Arrêt du thread de diagnostic.
2026-05-23 21:13:39 | INFO     | SEDAI        | [SEDAI] Initiation aux process de fermeture...
2026-05-23 21:13:39 | INFO     | SEDAI        | [SEDAI] Extinction complète !
2026-05-23 21:13:42 | INFO     | SEDAI        | === Système de logging SEDAI initialisé ===
2026-05-23 21:13:42 | INFO     | SEDAI        | ==================================================
2026-05-23 21:13:42 | INFO     | SEDAI        |    SEDAI - Système Embarqué de Diagnostic Auto (v2.0)    
2026-05-23 21:13:42 | INFO     | SEDAI        | ==================================================
2026-05-23 21:13:42 | INFO     | SEDAI        | [SEDAI: 1/4] Vérification du modèle llama-cpp-python...
2026-05-23 21:13:42 | INFO     | STARTUP      | [STARTUP] Vérification du modèle llama.cpp...
2026-05-23 21:13:42 | INFO     | STARTUP      | [STARTUP] Modèle llama.cpp trouvé : /home/sedai/SEDAI/src/models/google_gemma-3-4b-it-Q5_K_M.gguf
2026-05-23 21:13:42 | INFO     | STARTUP      | [STARTUP] Sous-système IA initialisé avec succès.
2026-05-23 21:13:42 | INFO     | SEDAI        | [SEDAI] Chargement du modèle GGUF en mémoire (peut prendre jusqu'à 5 min)...
2026-05-23 21:14:23 | INFO     | SEDAI        | [SEDAI] Modèle chargé avec succès.
2026-05-23 21:14:23 | INFO     | SEDAI        | [SEDAI] Pré-chauffage du cache IA (Prefix Caching)...
2026-05-23 21:16:06 | INFO     | SEDAI        | [SEDAI] Cache initialisé. Système prêt pour une réactivité maximale.
2026-05-23 21:16:06 | INFO     | SEDAI        | [SEDAI: 2/4] Création du pipeline transactionnel...
2026-05-23 21:16:06 | INFO     | SEDAI        | [SEDAI: 3/4] Instanciation et couplage modulaire...
2026-05-23 21:16:06 | INFO     | MEMORY       | [MEMORY] Historique chargé : 2 échanges trouvés.
2026-05-23 21:16:06 | INFO     | TTS          | [TTS] Restauration du volume matériel sur la carte 0...
2026-05-23 21:16:06 | INFO     | VOICE        | [VOICE] Chargement du modèle ASR depuis /home/sedai/SEDAI/src/models/vosk/vosk-model-fr-0.6-linto-2.2.0...
2026-05-23 21:16:37 | INFO     | VOICE        | [VOICE] Modèle Vosk chargé avec succès.
2026-05-23 21:16:37 | INFO     | WS           | [WS] Carte audio USB détectée à l'index 0.
2026-05-23 21:16:37 | INFO     | SEDAI        | [SEDAI: 4/4] Top-départ de l'orchestrateur (Daemonisation)...
2026-05-23 21:16:37 | INFO     | TTS          | [TTS] Démarrage du thread de synthèse vocale.
2026-05-23 21:16:37 | INFO     | VOICE        | [VOICE] Démarrage du thread de reconnaissance vocale (Vosk Asynchrone).
2026-05-23 21:16:37 | INFO     | OBD          | [OBD] Démarrage du thread d'acquisition (time-slicing v2.1).
2026-05-23 21:16:37 | INFO     | MONITOR      | [MONITOR] Démarrage du thread de surveillance.
2026-05-23 21:16:37 | INFO     | DIAGNOSTIC   | [DIAGNOSTIC] Démarrage du thread de diagnostic IA.
2026-05-23 21:16:37 | INFO     | WS           | [WS] Serveur prêt sur 0.0.0.0:8765
2026-05-23 21:16:37 | INFO     | SEDAI        | [SEDAI] Système Opérationnel. Lancement autonome achevé à 100%.
2026-05-23 21:16:37 | INFO     | OBD          | [OBD] Tentative de reconnexion dans 3s (essai #1)...
2026-05-23 21:16:37 | INFO     | WS           | [WS] Démarrage de la boucle de diffusion (broadcast).
2026-05-23 21:16:40 | INFO     | OBD          | [OBD] Aucun port série USB physique (/dev/ttyUSB* ou /dev/ttyACM*) détecté. Recherche suspendue. Veuillez brancher l'adaptateur ELM327.
2026-05-23 21:16:40 | INFO     | OBD          | [OBD] Tentative de reconnexion dans 6s (essai #2)...
2026-05-23 21:16:46 | INFO     | OBD          | [OBD] Aucun port série USB physique (/dev/ttyUSB* ou /dev/ttyACM*) détecté. Recherche suspendue. Veuillez brancher l'adaptateur ELM327.
2026-05-23 21:16:46 | INFO     | OBD          | [OBD] Tentative de reconnexion dans 12s (essai #3)...
2026-05-23 21:16:46 | INFO     | TTS          | [TTS] Synthèse et lecture [Priorité 0] : Lancement réussi. Le diagnostic intelligent est opérationnel.
2026-05-23 21:16:58 | INFO     | OBD          | [OBD] Aucun port série USB physique (/dev/ttyUSB* ou /dev/ttyACM*) détecté. Recherche suspendue. Veuillez brancher l'adaptateur ELM327.
2026-05-23 21:16:58 | INFO     | OBD          | [OBD] Tentative de reconnexion dans 24s (essai #4)...
2026-05-23 21:16:58 | INFO     | SEDAI        | [SEDAI] Signal de terminaison reçu. Entame de la décroissance propre...
2026-05-23 21:16:58 | INFO     | MONITOR      | [MONITOR] Arrêt du thread de surveillance.
2026-05-23 21:16:58 | INFO     | OBD          | [OBD] Thread OBD arrêté proprement.
2026-05-23 21:16:58 | INFO     | SEDAI        | [SEDAI] Initiation aux process de fermeture...
2026-05-23 21:16:58 | INFO     | VOICE        | [VOICE] Arrêt du thread de reconnaissance vocale.
2026-05-23 21:16:58 | INFO     | TTS          | [TTS] Arrêt du thread TTS.
2026-05-23 21:16:59 | INFO     | DIAGNOSTIC   | [DIAGNOSTIC] Arrêt du thread de diagnostic.
2026-05-23 21:16:59 | INFO     | SEDAI        | [SEDAI] Extinction complète !
2026-05-23 21:17:22 | INFO     | SEDAI        | === Système de logging SEDAI initialisé ===
2026-05-23 21:17:22 | INFO     | SEDAI        | ==================================================
2026-05-23 21:17:22 | INFO     | SEDAI        |    SEDAI - Système Embarqué de Diagnostic Auto (v2.0)    
2026-05-23 21:17:22 | INFO     | SEDAI        | ==================================================
2026-05-23 21:17:22 | INFO     | SEDAI        | [SEDAI: 1/4] Vérification du modèle llama-cpp-python...
2026-05-23 21:17:22 | INFO     | STARTUP      | [STARTUP] Vérification du modèle llama.cpp...
2026-05-23 21:17:22 | INFO     | STARTUP      | [STARTUP] Modèle llama.cpp trouvé : /home/sedai/SEDAI/src/models/google_gemma-3-4b-it-Q5_K_M.gguf
2026-05-23 21:17:22 | INFO     | STARTUP      | [STARTUP] Sous-système IA initialisé avec succès.
2026-05-23 21:17:22 | INFO     | SEDAI        | [SEDAI] Chargement du modèle GGUF en mémoire (peut prendre jusqu'à 5 min)...
2026-05-23 21:18:02 | INFO     | SEDAI        | [SEDAI] Modèle chargé avec succès.
2026-05-23 21:18:02 | INFO     | SEDAI        | [SEDAI] Pré-chauffage du cache IA (Prefix Caching)...
2026-05-23 21:19:44 | INFO     | SEDAI        | [SEDAI] Cache initialisé. Système prêt pour une réactivité maximale.
2026-05-23 21:19:44 | INFO     | SEDAI        | [SEDAI: 2/4] Création du pipeline transactionnel...
2026-05-23 21:19:44 | INFO     | SEDAI        | [SEDAI: 3/4] Instanciation et couplage modulaire...
2026-05-23 21:19:44 | INFO     | MEMORY       | [MEMORY] Historique chargé : 2 échanges trouvés.
2026-05-23 21:19:44 | INFO     | TTS          | [TTS] Restauration du volume matériel sur la carte 0...
2026-05-23 21:19:44 | INFO     | VOICE        | [VOICE] Chargement du modèle ASR depuis /home/sedai/SEDAI/src/models/vosk/vosk-model-fr-0.6-linto-2.2.0...
2026-05-23 21:20:14 | INFO     | VOICE        | [VOICE] Modèle Vosk chargé avec succès.
2026-05-23 21:20:14 | INFO     | WS           | [WS] Carte audio USB détectée à l'index 0.
2026-05-23 21:20:14 | INFO     | SEDAI        | [SEDAI: 4/4] Top-départ de l'orchestrateur (Daemonisation)...
2026-05-23 21:20:14 | INFO     | TTS          | [TTS] Démarrage du thread de synthèse vocale.
2026-05-23 21:20:14 | INFO     | VOICE        | [VOICE] Démarrage du thread de reconnaissance vocale (Vosk Asynchrone).
2026-05-23 21:20:14 | INFO     | OBD          | [OBD] Démarrage du thread d'acquisition (time-slicing v2.1).
2026-05-23 21:20:14 | INFO     | MONITOR      | [MONITOR] Démarrage du thread de surveillance.
2026-05-23 21:20:14 | INFO     | OBD          | [OBD] Tentative de reconnexion dans 3s (essai #1)...
2026-05-23 21:20:14 | INFO     | DIAGNOSTIC   | [DIAGNOSTIC] Démarrage du thread de diagnostic IA.
2026-05-23 21:20:14 | INFO     | WS           | [WS] Serveur prêt sur 0.0.0.0:8765
2026-05-23 21:20:14 | INFO     | SEDAI        | [SEDAI] Système Opérationnel. Lancement autonome achevé à 100%.
2026-05-23 21:20:14 | INFO     | WS           | [WS] Démarrage de la boucle de diffusion (broadcast).
2026-05-23 21:20:17 | INFO     | OBD          | [OBD] Aucun port série USB physique (/dev/ttyUSB* ou /dev/ttyACM*) détecté. Recherche suspendue. Veuillez brancher l'adaptateur ELM327.
2026-05-23 21:20:17 | INFO     | OBD          | [OBD] Tentative de reconnexion dans 6s (essai #2)...
2026-05-23 21:20:23 | INFO     | OBD          | [OBD] Aucun port série USB physique (/dev/ttyUSB* ou /dev/ttyACM*) détecté. Recherche suspendue. Veuillez brancher l'adaptateur ELM327.
2026-05-23 21:20:23 | INFO     | OBD          | [OBD] Tentative de reconnexion dans 12s (essai #3)...
2026-05-23 21:20:23 | INFO     | TTS          | [TTS] Synthèse et lecture [Priorité 0] : Salut! Système opérationnel, prêt pour l'analyse du moteur.
2026-05-23 21:20:35 | INFO     | OBD          | [OBD] Aucun port série USB physique (/dev/ttyUSB* ou /dev/ttyACM*) détecté. Recherche suspendue. Veuillez brancher l'adaptateur ELM327.
2026-05-23 21:20:35 | INFO     | OBD          | [OBD] Tentative de reconnexion dans 24s (essai #4)...
2026-05-23 21:20:36 | INFO     | SEDAI        | [SEDAI] Signal de terminaison reçu. Entame de la décroissance propre...
2026-05-23 21:20:36 | INFO     | MONITOR      | [MONITOR] Arrêt du thread de surveillance.
2026-05-23 21:20:36 | INFO     | OBD          | [OBD] Thread OBD arrêté proprement.
2026-05-23 21:20:36 | INFO     | VOICE        | [VOICE] Arrêt du thread de reconnaissance vocale.
2026-05-23 21:20:36 | INFO     | TTS          | [TTS] Arrêt du thread TTS.
2026-05-23 21:20:37 | INFO     | DIAGNOSTIC   | [DIAGNOSTIC] Arrêt du thread de diagnostic.
2026-05-23 21:20:37 | INFO     | SEDAI        | [SEDAI] Initiation aux process de fermeture...
2026-05-23 21:20:37 | INFO     | SEDAI        | [SEDAI] Extinction complète !
2026-05-23 21:20:40 | INFO     | SEDAI        | === Système de logging SEDAI initialisé ===
2026-05-23 21:20:40 | INFO     | SEDAI        | ==================================================
2026-05-23 21:20:40 | INFO     | SEDAI        |    SEDAI - Système Embarqué de Diagnostic Auto (v2.0)    
2026-05-23 21:20:40 | INFO     | SEDAI        | ==================================================
2026-05-23 21:20:40 | INFO     | SEDAI        | [SEDAI: 1/4] Vérification du modèle llama-cpp-python...
2026-05-23 21:20:40 | INFO     | STARTUP      | [STARTUP] Vérification du modèle llama.cpp...
2026-05-23 21:20:40 | INFO     | STARTUP      | [STARTUP] Modèle llama.cpp trouvé : /home/sedai/SEDAI/src/models/google_gemma-3-4b-it-Q5_K_M.gguf
2026-05-23 21:20:40 | INFO     | STARTUP      | [STARTUP] Sous-système IA initialisé avec succès.
2026-05-23 21:20:40 | INFO     | SEDAI        | [SEDAI] Chargement du modèle GGUF en mémoire (peut prendre jusqu'à 5 min)...
2026-05-23 21:21:18 | INFO     | SEDAI        | [SEDAI] Modèle chargé avec succès.
2026-05-23 21:21:18 | INFO     | SEDAI        | [SEDAI] Pré-chauffage du cache IA (Prefix Caching)...
2026-05-23 21:23:01 | INFO     | SEDAI        | [SEDAI] Cache initialisé. Système prêt pour une réactivité maximale.
2026-05-23 21:23:01 | INFO     | SEDAI        | [SEDAI: 2/4] Création du pipeline transactionnel...
2026-05-23 21:23:01 | INFO     | SEDAI        | [SEDAI: 3/4] Instanciation et couplage modulaire...
2026-05-23 21:23:01 | INFO     | MEMORY       | [MEMORY] Historique chargé : 2 échanges trouvés.
2026-05-23 21:23:01 | INFO     | TTS          | [TTS] Restauration du volume matériel sur la carte 0...
2026-05-23 21:23:01 | INFO     | VOICE        | [VOICE] Chargement du modèle ASR depuis /home/sedai/SEDAI/src/models/vosk/vosk-model-fr-0.6-linto-2.2.0...
2026-05-23 21:23:31 | INFO     | VOICE        | [VOICE] Modèle Vosk chargé avec succès.
2026-05-23 21:23:32 | INFO     | WS           | [WS] Carte audio USB détectée à l'index 0.
2026-05-23 21:23:32 | INFO     | SEDAI        | [SEDAI: 4/4] Top-départ de l'orchestrateur (Daemonisation)...
2026-05-23 21:23:32 | INFO     | TTS          | [TTS] Démarrage du thread de synthèse vocale.
2026-05-23 21:23:32 | INFO     | VOICE        | [VOICE] Démarrage du thread de reconnaissance vocale (Vosk Asynchrone).
2026-05-23 21:23:32 | INFO     | OBD          | [OBD] Démarrage du thread d'acquisition (time-slicing v2.1).
2026-05-23 21:23:32 | INFO     | OBD          | [OBD] Tentative de reconnexion dans 3s (essai #1)...
2026-05-23 21:23:32 | INFO     | MONITOR      | [MONITOR] Démarrage du thread de surveillance.
2026-05-23 21:23:32 | INFO     | DIAGNOSTIC   | [DIAGNOSTIC] Démarrage du thread de diagnostic IA.
2026-05-23 21:23:32 | INFO     | WS           | [WS] Serveur prêt sur 0.0.0.0:8765
2026-05-23 21:23:32 | INFO     | SEDAI        | [SEDAI] Système Opérationnel. Lancement autonome achevé à 100%.
2026-05-23 21:23:32 | INFO     | WS           | [WS] Démarrage de la boucle de diffusion (broadcast).
2026-05-23 21:23:35 | INFO     | OBD          | [OBD] Aucun port série USB physique (/dev/ttyUSB* ou /dev/ttyACM*) détecté. Recherche suspendue. Veuillez brancher l'adaptateur ELM327.
2026-05-23 21:23:35 | INFO     | OBD          | [OBD] Tentative de reconnexion dans 6s (essai #2)...
2026-05-23 21:23:41 | INFO     | OBD          | [OBD] Aucun port série USB physique (/dev/ttyUSB* ou /dev/ttyACM*) détecté. Recherche suspendue. Veuillez brancher l'adaptateur ELM327.
2026-05-23 21:23:41 | INFO     | OBD          | [OBD] Tentative de reconnexion dans 12s (essai #3)...
2026-05-23 21:23:41 | INFO     | TTS          | [TTS] Synthèse et lecture [Priorité 0] : SEDAI activé. Prêt à surveiller votre véhicule.
2026-05-23 21:23:53 | INFO     | OBD          | [OBD] Aucun port série USB physique (/dev/ttyUSB* ou /dev/ttyACM*) détecté. Recherche suspendue. Veuillez brancher l'adaptateur ELM327.
2026-05-23 21:23:53 | INFO     | OBD          | [OBD] Tentative de reconnexion dans 24s (essai #4)...
2026-05-23 21:24:17 | INFO     | OBD          | [OBD] Aucun port série USB physique (/dev/ttyUSB* ou /dev/ttyACM*) détecté. Recherche suspendue. Veuillez brancher l'adaptateur ELM327.
2026-05-23 21:24:17 | INFO     | OBD          | [OBD] Tentative de reconnexion dans 48s (essai #5)...
2026-05-23 21:24:31 | INFO     | SEDAI        | [SEDAI] Signal de terminaison reçu. Entame de la décroissance propre...
2026-05-23 21:24:31 | INFO     | OBD          | [OBD] Thread OBD arrêté proprement.
2026-05-23 21:24:31 | INFO     | MONITOR      | [MONITOR] Arrêt du thread de surveillance.
2026-05-23 21:24:31 | INFO     | VOICE        | [VOICE] Arrêt du thread de reconnaissance vocale.
2026-05-23 21:24:31 | INFO     | TTS          | [TTS] Arrêt du thread TTS.
2026-05-23 21:24:32 | INFO     | DIAGNOSTIC   | [DIAGNOSTIC] Arrêt du thread de diagnostic.
2026-05-23 21:24:32 | INFO     | SEDAI        | [SEDAI] Initiation aux process de fermeture...
2026-05-23 21:24:32 | INFO     | SEDAI        | [SEDAI] Extinction complète !
2026-05-23 21:24:35 | INFO     | SEDAI        | === Système de logging SEDAI initialisé ===
2026-05-23 21:24:35 | INFO     | SEDAI        | ==================================================
2026-05-23 21:24:35 | INFO     | SEDAI        |    SEDAI - Système Embarqué de Diagnostic Auto (v2.0)    
2026-05-23 21:24:35 | INFO     | SEDAI        | ==================================================
2026-05-23 21:24:35 | INFO     | SEDAI        | [SEDAI: 1/4] Vérification du modèle llama-cpp-python...
2026-05-23 21:24:35 | INFO     | STARTUP      | [STARTUP] Vérification du modèle llama.cpp...
2026-05-23 21:24:35 | INFO     | STARTUP      | [STARTUP] Modèle llama.cpp trouvé : /home/sedai/SEDAI/src/models/google_gemma-3-4b-it-Q5_K_M.gguf
2026-05-23 21:24:35 | INFO     | STARTUP      | [STARTUP] Sous-système IA initialisé avec succès.
2026-05-23 21:24:35 | INFO     | SEDAI        | [SEDAI] Chargement du modèle GGUF en mémoire (peut prendre jusqu'à 5 min)...
2026-05-23 21:25:16 | INFO     | SEDAI        | [SEDAI] Modèle chargé avec succès.
2026-05-23 21:25:16 | INFO     | SEDAI        | [SEDAI] Pré-chauffage du cache IA (Prefix Caching)...
2026-05-23 21:26:57 | INFO     | SEDAI        | [SEDAI] Cache initialisé. Système prêt pour une réactivité maximale.
2026-05-23 21:26:57 | INFO     | SEDAI        | [SEDAI: 2/4] Création du pipeline transactionnel...
2026-05-23 21:26:57 | INFO     | SEDAI        | [SEDAI: 3/4] Instanciation et couplage modulaire...
2026-05-23 21:26:57 | INFO     | MEMORY       | [MEMORY] Historique chargé : 2 échanges trouvés.
2026-05-23 21:26:57 | INFO     | TTS          | [TTS] Restauration du volume matériel sur la carte 0...
2026-05-23 21:26:57 | INFO     | VOICE        | [VOICE] Chargement du modèle ASR depuis /home/sedai/SEDAI/src/models/vosk/vosk-model-fr-0.6-linto-2.2.0...
2026-05-23 21:27:28 | INFO     | VOICE        | [VOICE] Modèle Vosk chargé avec succès.
2026-05-23 21:27:28 | INFO     | WS           | [WS] Carte audio USB détectée à l'index 0.
2026-05-23 21:27:28 | INFO     | SEDAI        | [SEDAI: 4/4] Top-départ de l'orchestrateur (Daemonisation)...
2026-05-23 21:27:28 | INFO     | TTS          | [TTS] Démarrage du thread de synthèse vocale.
2026-05-23 21:27:28 | INFO     | VOICE        | [VOICE] Démarrage du thread de reconnaissance vocale (Vosk Asynchrone).
2026-05-23 21:27:28 | INFO     | OBD          | [OBD] Démarrage du thread d'acquisition (time-slicing v2.1).
2026-05-23 21:27:28 | INFO     | MONITOR      | [MONITOR] Démarrage du thread de surveillance.
2026-05-23 21:27:28 | INFO     | DIAGNOSTIC   | [DIAGNOSTIC] Démarrage du thread de diagnostic IA.
2026-05-23 21:27:28 | INFO     | WS           | [WS] Serveur prêt sur 0.0.0.0:8765
2026-05-23 21:27:28 | INFO     | SEDAI        | [SEDAI] Système Opérationnel. Lancement autonome achevé à 100%.
2026-05-23 21:27:28 | INFO     | OBD          | [OBD] Tentative de reconnexion dans 3s (essai #1)...
2026-05-23 21:27:28 | INFO     | WS           | [WS] Démarrage de la boucle de diffusion (broadcast).
2026-05-23 21:27:31 | INFO     | OBD          | [OBD] Aucun port série USB physique (/dev/ttyUSB* ou /dev/ttyACM*) détecté. Recherche suspendue. Veuillez brancher l'adaptateur ELM327.
2026-05-23 21:27:31 | INFO     | OBD          | [OBD] Tentative de reconnexion dans 6s (essai #2)...
2026-05-23 21:27:37 | INFO     | OBD          | [OBD] Aucun port série USB physique (/dev/ttyUSB* ou /dev/ttyACM*) détecté. Recherche suspendue. Veuillez brancher l'adaptateur ELM327.
2026-05-23 21:27:37 | INFO     | OBD          | [OBD] Tentative de reconnexion dans 12s (essai #3)...
2026-05-23 21:27:37 | INFO     | TTS          | [TTS] Synthèse et lecture [Priorité 0] : SEDAI activé. Prêt à surveiller votre véhicule.
2026-05-23 21:27:49 | INFO     | OBD          | [OBD] Aucun port série USB physique (/dev/ttyUSB* ou /dev/ttyACM*) détecté. Recherche suspendue. Veuillez brancher l'adaptateur ELM327.
2026-05-23 21:27:49 | INFO     | OBD          | [OBD] Tentative de reconnexion dans 24s (essai #4)...
2026-05-23 21:27:54 | INFO     | SEDAI        | [SEDAI] Signal de terminaison reçu. Entame de la décroissance propre...
2026-05-23 21:27:54 | INFO     | OBD          | [OBD] Thread OBD arrêté proprement.
2026-05-23 21:27:54 | INFO     | MONITOR      | [MONITOR] Arrêt du thread de surveillance.
2026-05-23 21:27:54 | INFO     | VOICE        | [VOICE] Arrêt du thread de reconnaissance vocale.
2026-05-23 21:27:55 | INFO     | TTS          | [TTS] Arrêt du thread TTS.
2026-05-23 21:27:55 | INFO     | DIAGNOSTIC   | [DIAGNOSTIC] Arrêt du thread de diagnostic.
2026-05-23 21:27:55 | INFO     | SEDAI        | [SEDAI] Initiation aux process de fermeture...
2026-05-23 21:27:55 | INFO     | SEDAI        | [SEDAI] Extinction complète !
2026-05-23 22:00:28 | INFO     | SEDAI        | === Système de logging SEDAI initialisé ===
2026-05-23 22:00:28 | INFO     | SEDAI        | ==================================================
2026-05-23 22:00:28 | INFO     | SEDAI        |    SEDAI - Système Embarqué de Diagnostic Auto (v2.0)    
2026-05-23 22:00:28 | INFO     | SEDAI        | ==================================================
2026-05-23 22:00:28 | INFO     | SEDAI        | [SEDAI: 1/4] Vérification du modèle llama-cpp-python...
2026-05-23 22:00:28 | INFO     | STARTUP      | [STARTUP] Vérification du modèle llama.cpp...
2026-05-23 22:00:28 | INFO     | STARTUP      | [STARTUP] Modèle llama.cpp trouvé : /home/sedai/SEDAI/src/models/google_gemma-3-4b-it-Q5_K_M.gguf
2026-05-23 22:00:28 | INFO     | STARTUP      | [STARTUP] Sous-système IA initialisé avec succès.
2026-05-23 22:00:28 | INFO     | SEDAI        | [SEDAI] Chargement du modèle GGUF en mémoire (peut prendre jusqu'à 5 min)...
2026-05-23 22:01:10 | INFO     | SEDAI        | [SEDAI] Modèle chargé avec succès.
2026-05-23 22:01:10 | INFO     | SEDAI        | [SEDAI] Pré-chauffage du cache IA (Prefix Caching)...
2026-05-23 22:02:45 | INFO     | SEDAI        | [SEDAI] Cache initialisé. Système prêt pour une réactivité maximale.
2026-05-23 22:02:45 | INFO     | SEDAI        | [SEDAI: 2/4] Création du pipeline transactionnel...
2026-05-23 22:02:45 | INFO     | SEDAI        | [SEDAI: 3/4] Instanciation et couplage modulaire...
2026-05-23 22:02:45 | INFO     | MEMORY       | [MEMORY] Historique chargé : 2 échanges trouvés.
2026-05-23 22:02:45 | INFO     | TTS          | [TTS] Restauration du volume matériel sur la carte 0...
2026-05-23 22:02:45 | INFO     | VOICE        | [VOICE] Chargement du modèle ASR depuis /home/sedai/SEDAI/src/models/vosk/vosk-model-fr-0.6-linto-2.2.0...
2026-05-23 22:03:14 | INFO     | VOICE        | [VOICE] Modèle Vosk chargé avec succès.
2026-05-23 22:03:14 | INFO     | WS           | [WS] Carte audio USB détectée à l'index 0.
2026-05-23 22:03:14 | INFO     | SEDAI        | [SEDAI: 4/4] Top-départ de l'orchestrateur (Daemonisation)...
2026-05-23 22:03:14 | INFO     | TTS          | [TTS] Démarrage du thread de synthèse vocale.
2026-05-23 22:03:14 | INFO     | VOICE        | [VOICE] Démarrage du thread de reconnaissance vocale (Vosk Asynchrone).
2026-05-23 22:03:14 | INFO     | OBD          | [OBD] Démarrage du thread d'acquisition (time-slicing v2.1).
2026-05-23 22:03:14 | INFO     | OBD          | [OBD] Tentative de reconnexion dans 3s (essai #1)...
2026-05-23 22:03:14 | INFO     | MONITOR      | [MONITOR] Démarrage du thread de surveillance.
2026-05-23 22:03:14 | INFO     | DIAGNOSTIC   | [DIAGNOSTIC] Démarrage du thread de diagnostic IA.
2026-05-23 22:03:14 | INFO     | WS           | [WS] Serveur prêt sur 0.0.0.0:8765
2026-05-23 22:03:14 | INFO     | SEDAI        | [SEDAI] Système Opérationnel. Lancement autonome achevé à 100%.
2026-05-23 22:03:14 | INFO     | WS           | [WS] Démarrage de la boucle de diffusion (broadcast).
2026-05-23 22:03:17 | INFO     | OBD          | [OBD] Aucun port série USB physique (/dev/ttyUSB* ou /dev/ttyACM*) détecté. Recherche suspendue. Veuillez brancher l'adaptateur ELM327.
2026-05-23 22:03:17 | INFO     | OBD          | [OBD] Tentative de reconnexion dans 6s (essai #2)...
2026-05-23 22:03:23 | INFO     | OBD          | [OBD] Aucun port série USB physique (/dev/ttyUSB* ou /dev/ttyACM*) détecté. Recherche suspendue. Veuillez brancher l'adaptateur ELM327.
2026-05-23 22:03:23 | INFO     | OBD          | [OBD] Tentative de reconnexion dans 12s (essai #3)...
2026-05-23 22:03:23 | INFO     | TTS          | [TTS] Synthèse et lecture [Priorité 0] : Lancement réussi. Le diagnostic intelligent est opérationnel.
2026-05-23 22:03:35 | INFO     | OBD          | [OBD] Aucun port série USB physique (/dev/ttyUSB* ou /dev/ttyACM*) détecté. Recherche suspendue. Veuillez brancher l'adaptateur ELM327.
2026-05-23 22:03:35 | INFO     | OBD          | [OBD] Tentative de reconnexion dans 24s (essai #4)...
2026-05-23 22:03:56 | INFO     | SEDAI        | [SEDAI] Signal de terminaison reçu. Entame de la décroissance propre...
2026-05-23 22:03:56 | INFO     | OBD          | [OBD] Thread OBD arrêté proprement.
2026-05-23 22:03:56 | INFO     | MONITOR      | [MONITOR] Arrêt du thread de surveillance.
2026-05-23 22:03:56 | INFO     | SEDAI        | [SEDAI] Initiation aux process de fermeture...
2026-05-23 22:03:56 | INFO     | VOICE        | [VOICE] Arrêt du thread de reconnaissance vocale.
2026-05-23 22:03:56 | INFO     | TTS          | [TTS] Arrêt du thread TTS.
2026-05-23 22:03:57 | INFO     | DIAGNOSTIC   | [DIAGNOSTIC] Arrêt du thread de diagnostic.
2026-05-23 22:03:57 | INFO     | SEDAI        | [SEDAI] Extinction complète !
2026-05-23 22:04:00 | INFO     | SEDAI        | === Système de logging SEDAI initialisé ===
2026-05-23 22:04:00 | INFO     | SEDAI        | ==================================================
2026-05-23 22:04:00 | INFO     | SEDAI        |    SEDAI - Système Embarqué de Diagnostic Auto (v2.0)    
2026-05-23 22:04:00 | INFO     | SEDAI        | ==================================================
2026-05-23 22:04:00 | INFO     | SEDAI        | [SEDAI: 1/4] Vérification du modèle llama-cpp-python...
2026-05-23 22:04:00 | INFO     | STARTUP      | [STARTUP] Vérification du modèle llama.cpp...
2026-05-23 22:04:00 | INFO     | STARTUP      | [STARTUP] Modèle llama.cpp trouvé : /home/sedai/SEDAI/src/models/google_gemma-3-4b-it-Q5_K_M.gguf
2026-05-23 22:04:00 | INFO     | STARTUP      | [STARTUP] Sous-système IA initialisé avec succès.
2026-05-23 22:04:00 | INFO     | SEDAI        | [SEDAI] Chargement du modèle GGUF en mémoire (peut prendre jusqu'à 5 min)...
2026-05-23 22:04:43 | INFO     | SEDAI        | [SEDAI] Modèle chargé avec succès.
2026-05-23 22:04:43 | INFO     | SEDAI        | [SEDAI] Pré-chauffage du cache IA (Prefix Caching)...
2026-05-23 22:06:24 | INFO     | SEDAI        | [SEDAI] Cache initialisé. Système prêt pour une réactivité maximale.
2026-05-23 22:06:24 | INFO     | SEDAI        | [SEDAI: 2/4] Création du pipeline transactionnel...
2026-05-23 22:06:24 | INFO     | SEDAI        | [SEDAI: 3/4] Instanciation et couplage modulaire...
2026-05-23 22:06:24 | INFO     | MEMORY       | [MEMORY] Historique chargé : 2 échanges trouvés.
2026-05-23 22:06:24 | INFO     | TTS          | [TTS] Restauration du volume matériel sur la carte 0...
2026-05-23 22:06:24 | INFO     | VOICE        | [VOICE] Chargement du modèle ASR depuis /home/sedai/SEDAI/src/models/vosk/vosk-model-fr-0.6-linto-2.2.0...
2026-05-23 22:06:55 | INFO     | VOICE        | [VOICE] Modèle Vosk chargé avec succès.
2026-05-23 22:06:55 | INFO     | WS           | [WS] Carte audio USB détectée à l'index 0.
2026-05-23 22:06:55 | INFO     | SEDAI        | [SEDAI: 4/4] Top-départ de l'orchestrateur (Daemonisation)...
2026-05-23 22:06:55 | INFO     | TTS          | [TTS] Démarrage du thread de synthèse vocale.
2026-05-23 22:06:55 | INFO     | VOICE        | [VOICE] Démarrage du thread de reconnaissance vocale (Vosk Asynchrone).
2026-05-23 22:06:55 | INFO     | OBD          | [OBD] Démarrage du thread d'acquisition (time-slicing v2.1).
2026-05-23 22:06:55 | INFO     | MONITOR      | [MONITOR] Démarrage du thread de surveillance.
2026-05-23 22:06:55 | INFO     | OBD          | [OBD] Tentative de reconnexion dans 3s (essai #1)...
2026-05-23 22:06:55 | INFO     | DIAGNOSTIC   | [DIAGNOSTIC] Démarrage du thread de diagnostic IA.
2026-05-23 22:06:55 | INFO     | WS           | [WS] Serveur prêt sur 0.0.0.0:8765
2026-05-23 22:06:55 | INFO     | SEDAI        | [SEDAI] Système Opérationnel. Lancement autonome achevé à 100%.
2026-05-23 22:06:55 | INFO     | WS           | [WS] Démarrage de la boucle de diffusion (broadcast).
2026-05-23 22:06:58 | INFO     | OBD          | [OBD] Aucun port série USB physique (/dev/ttyUSB* ou /dev/ttyACM*) détecté. Recherche suspendue. Veuillez brancher l'adaptateur ELM327.
2026-05-23 22:06:58 | INFO     | OBD          | [OBD] Tentative de reconnexion dans 6s (essai #2)...
2026-05-23 22:07:04 | INFO     | OBD          | [OBD] Aucun port série USB physique (/dev/ttyUSB* ou /dev/ttyACM*) détecté. Recherche suspendue. Veuillez brancher l'adaptateur ELM327.
2026-05-23 22:07:04 | INFO     | OBD          | [OBD] Tentative de reconnexion dans 12s (essai #3)...
2026-05-23 22:07:04 | INFO     | TTS          | [TTS] Synthèse et lecture [Priorité 0] : Salut! Système SEDAI démarré et prêt pour le diagnostic.
2026-05-23 22:07:11 | INFO     | SEDAI        | [SEDAI] Signal de terminaison reçu. Entame de la décroissance propre...
2026-05-23 22:07:11 | INFO     | OBD          | [OBD] Thread OBD arrêté proprement.
2026-05-23 22:07:11 | INFO     | MONITOR      | [MONITOR] Arrêt du thread de surveillance.
2026-05-23 22:07:11 | ERROR    | TTS          | [TTS] Erreur aplay (code 1) : Playing WAVE '/tmp/sedai_tts.wav' : Signed 16 bit Little Endian, Rate 22050 Hz, Mono
Aborted by signal Interrupt...
aplay: pcm_write:2178: write error: Interrupted system call
2026-05-23 22:07:11 | INFO     | TTS          | [TTS] Arrêt du thread TTS.
2026-05-23 22:07:11 | INFO     | VOICE        | [VOICE] Arrêt du thread de reconnaissance vocale.
2026-05-23 22:07:11 | INFO     | DIAGNOSTIC   | [DIAGNOSTIC] Arrêt du thread de diagnostic.
2026-05-23 22:07:11 | INFO     | SEDAI        | [SEDAI] Initiation aux process de fermeture...
2026-05-23 22:07:11 | INFO     | SEDAI        | [SEDAI] Extinction complète !
2026-05-23 22:07:14 | INFO     | SEDAI        | === Système de logging SEDAI initialisé ===
2026-05-23 22:07:14 | INFO     | SEDAI        | ==================================================
2026-05-23 22:07:14 | INFO     | SEDAI        |    SEDAI - Système Embarqué de Diagnostic Auto (v2.0)    
2026-05-23 22:07:14 | INFO     | SEDAI        | ==================================================
2026-05-23 22:07:14 | INFO     | SEDAI        | [SEDAI: 1/4] Vérification du modèle llama-cpp-python...
2026-05-23 22:07:14 | INFO     | STARTUP      | [STARTUP] Vérification du modèle llama.cpp...
2026-05-23 22:07:14 | INFO     | STARTUP      | [STARTUP] Modèle llama.cpp trouvé : /home/sedai/SEDAI/src/models/google_gemma-3-4b-it-Q5_K_M.gguf
2026-05-23 22:07:14 | INFO     | STARTUP      | [STARTUP] Sous-système IA initialisé avec succès.
2026-05-23 22:07:14 | INFO     | SEDAI        | [SEDAI] Chargement du modèle GGUF en mémoire (peut prendre jusqu'à 5 min)...
2026-05-23 22:07:52 | INFO     | SEDAI        | [SEDAI] Modèle chargé avec succès.
2026-05-23 22:07:52 | INFO     | SEDAI        | [SEDAI] Pré-chauffage du cache IA (Prefix Caching)...
2026-05-23 22:09:38 | INFO     | SEDAI        | [SEDAI] Cache initialisé. Système prêt pour une réactivité maximale.
2026-05-23 22:09:38 | INFO     | SEDAI        | [SEDAI: 2/4] Création du pipeline transactionnel...
2026-05-23 22:09:38 | INFO     | SEDAI        | [SEDAI: 3/4] Instanciation et couplage modulaire...
2026-05-23 22:09:38 | INFO     | MEMORY       | [MEMORY] Historique chargé : 2 échanges trouvés.
2026-05-23 22:09:38 | INFO     | TTS          | [TTS] Restauration du volume matériel sur la carte 0...
2026-05-23 22:09:38 | INFO     | VOICE        | [VOICE] Chargement du modèle ASR depuis /home/sedai/SEDAI/src/models/vosk/vosk-model-fr-0.6-linto-2.2.0...
2026-05-23 22:10:08 | INFO     | VOICE        | [VOICE] Modèle Vosk chargé avec succès.
2026-05-23 22:10:08 | INFO     | WS           | [WS] Carte audio USB détectée à l'index 0.
2026-05-23 22:10:08 | INFO     | SEDAI        | [SEDAI: 4/4] Top-départ de l'orchestrateur (Daemonisation)...
2026-05-23 22:10:08 | INFO     | TTS          | [TTS] Démarrage du thread de synthèse vocale.
2026-05-23 22:10:08 | INFO     | VOICE        | [VOICE] Démarrage du thread de reconnaissance vocale (Vosk Asynchrone).
2026-05-23 22:10:08 | INFO     | OBD          | [OBD] Démarrage du thread d'acquisition (time-slicing v2.1).
2026-05-23 22:10:08 | INFO     | OBD          | [OBD] Tentative de reconnexion dans 3s (essai #1)...
2026-05-23 22:10:08 | INFO     | MONITOR      | [MONITOR] Démarrage du thread de surveillance.
2026-05-23 22:10:08 | INFO     | DIAGNOSTIC   | [DIAGNOSTIC] Démarrage du thread de diagnostic IA.
2026-05-23 22:10:08 | INFO     | WS           | [WS] Serveur prêt sur 0.0.0.0:8765
2026-05-23 22:10:08 | INFO     | SEDAI        | [SEDAI] Système Opérationnel. Lancement autonome achevé à 100%.
2026-05-23 22:10:08 | INFO     | WS           | [WS] Démarrage de la boucle de diffusion (broadcast).
2026-05-23 22:10:11 | INFO     | OBD          | [OBD] Aucun port série USB physique (/dev/ttyUSB* ou /dev/ttyACM*) détecté. Recherche suspendue. Veuillez brancher l'adaptateur ELM327.
2026-05-23 22:10:11 | INFO     | OBD          | [OBD] Tentative de reconnexion dans 6s (essai #2)...
2026-05-23 22:10:17 | INFO     | OBD          | [OBD] Aucun port série USB physique (/dev/ttyUSB* ou /dev/ttyACM*) détecté. Recherche suspendue. Veuillez brancher l'adaptateur ELM327.
2026-05-23 22:10:17 | INFO     | OBD          | [OBD] Tentative de reconnexion dans 12s (essai #3)...
2026-05-23 22:10:17 | INFO     | TTS          | [TTS] Synthèse et lecture [Priorité 0] : Salut. Connexion système établie, je suis à votre écoute.
2026-05-23 22:10:29 | INFO     | OBD          | [OBD] Aucun port série USB physique (/dev/ttyUSB* ou /dev/ttyACM*) détecté. Recherche suspendue. Veuillez brancher l'adaptateur ELM327.
2026-05-23 22:10:29 | INFO     | OBD          | [OBD] Tentative de reconnexion dans 24s (essai #4)...
2026-05-23 22:10:49 | INFO     | SEDAI        | [SEDAI] Signal de terminaison reçu. Entame de la décroissance propre...
2026-05-23 22:10:49 | INFO     | OBD          | [OBD] Thread OBD arrêté proprement.
2026-05-23 22:10:49 | INFO     | MONITOR      | [MONITOR] Arrêt du thread de surveillance.
2026-05-23 22:10:49 | INFO     | VOICE        | [VOICE] Arrêt du thread de reconnaissance vocale.
2026-05-23 22:10:49 | INFO     | TTS          | [TTS] Arrêt du thread TTS.
2026-05-23 22:10:49 | INFO     | DIAGNOSTIC   | [DIAGNOSTIC] Arrêt du thread de diagnostic.
2026-05-23 22:10:49 | INFO     | SEDAI        | [SEDAI] Initiation aux process de fermeture...
2026-05-23 22:10:49 | INFO     | SEDAI        | [SEDAI] Extinction complète !
2026-05-23 22:10:53 | INFO     | SEDAI        | === Système de logging SEDAI initialisé ===
2026-05-23 22:10:53 | INFO     | SEDAI        | ==================================================
2026-05-23 22:10:53 | INFO     | SEDAI        |    SEDAI - Système Embarqué de Diagnostic Auto (v2.0)    
2026-05-23 22:10:53 | INFO     | SEDAI        | ==================================================
2026-05-23 22:10:53 | INFO     | SEDAI        | [SEDAI: 1/4] Vérification du modèle llama-cpp-python...
2026-05-23 22:10:53 | INFO     | STARTUP      | [STARTUP] Vérification du modèle llama.cpp...
2026-05-23 22:10:53 | INFO     | STARTUP      | [STARTUP] Modèle llama.cpp trouvé : /home/sedai/SEDAI/src/models/google_gemma-3-4b-it-Q5_K_M.gguf
2026-05-23 22:10:53 | INFO     | STARTUP      | [STARTUP] Sous-système IA initialisé avec succès.
2026-05-23 22:10:53 | INFO     | SEDAI        | [SEDAI] Chargement du modèle GGUF en mémoire (peut prendre jusqu'à 5 min)...
2026-05-23 22:11:33 | INFO     | SEDAI        | [SEDAI] Modèle chargé avec succès.
2026-05-23 22:11:33 | INFO     | SEDAI        | [SEDAI] Pré-chauffage du cache IA (Prefix Caching)...
2026-05-23 22:13:16 | INFO     | SEDAI        | [SEDAI] Cache initialisé. Système prêt pour une réactivité maximale.
2026-05-23 22:13:16 | INFO     | SEDAI        | [SEDAI: 2/4] Création du pipeline transactionnel...
2026-05-23 22:13:16 | INFO     | SEDAI        | [SEDAI: 3/4] Instanciation et couplage modulaire...
2026-05-23 22:13:16 | INFO     | MEMORY       | [MEMORY] Historique chargé : 2 échanges trouvés.
2026-05-23 22:13:16 | INFO     | TTS          | [TTS] Restauration du volume matériel sur la carte 0...
2026-05-23 22:13:16 | INFO     | VOICE        | [VOICE] Chargement du modèle ASR depuis /home/sedai/SEDAI/src/models/vosk/vosk-model-fr-0.6-linto-2.2.0...
2026-05-23 22:13:46 | INFO     | VOICE        | [VOICE] Modèle Vosk chargé avec succès.
2026-05-23 22:13:46 | INFO     | WS           | [WS] Carte audio USB détectée à l'index 0.
2026-05-23 22:13:46 | INFO     | SEDAI        | [SEDAI: 4/4] Top-départ de l'orchestrateur (Daemonisation)...
2026-05-23 22:13:46 | INFO     | TTS          | [TTS] Démarrage du thread de synthèse vocale.
2026-05-23 22:13:46 | INFO     | VOICE        | [VOICE] Démarrage du thread de reconnaissance vocale (Vosk Asynchrone).
2026-05-23 22:13:46 | INFO     | OBD          | [OBD] Démarrage du thread d'acquisition (time-slicing v2.1).
2026-05-23 22:13:46 | INFO     | MONITOR      | [MONITOR] Démarrage du thread de surveillance.
2026-05-23 22:13:46 | INFO     | OBD          | [OBD] Tentative de reconnexion dans 3s (essai #1)...
2026-05-23 22:13:46 | INFO     | DIAGNOSTIC   | [DIAGNOSTIC] Démarrage du thread de diagnostic IA.
2026-05-23 22:13:46 | INFO     | WS           | [WS] Serveur prêt sur 0.0.0.0:8765
2026-05-23 22:13:46 | INFO     | SEDAI        | [SEDAI] Système Opérationnel. Lancement autonome achevé à 100%.
2026-05-23 22:13:46 | INFO     | WS           | [WS] Démarrage de la boucle de diffusion (broadcast).
2026-05-23 22:13:49 | INFO     | OBD          | [OBD] Aucun port série USB physique (/dev/ttyUSB* ou /dev/ttyACM*) détecté. Recherche suspendue. Veuillez brancher l'adaptateur ELM327.
2026-05-23 22:13:49 | INFO     | OBD          | [OBD] Tentative de reconnexion dans 6s (essai #2)...
2026-05-23 22:13:55 | INFO     | OBD          | [OBD] Aucun port série USB physique (/dev/ttyUSB* ou /dev/ttyACM*) détecté. Recherche suspendue. Veuillez brancher l'adaptateur ELM327.
2026-05-23 22:13:55 | INFO     | OBD          | [OBD] Tentative de reconnexion dans 12s (essai #3)...
2026-05-23 22:13:55 | INFO     | TTS          | [TTS] Synthèse et lecture [Priorité 0] : Salut! Système SEDAI démarré et prêt pour le diagnostic.
2026-05-23 22:13:59 | INFO     | SEDAI        | [SEDAI] Signal de terminaison reçu. Entame de la décroissance propre...
2026-05-23 22:13:59 | INFO     | OBD          | [OBD] Thread OBD arrêté proprement.
2026-05-23 22:13:59 | INFO     | MONITOR      | [MONITOR] Arrêt du thread de surveillance.
2026-05-23 22:13:59 | INFO     | VOICE        | [VOICE] Arrêt du thread de reconnaissance vocale.
2026-05-23 22:14:00 | ERROR    | TTS          | [TTS] Erreur de génération Piper : [0;93m2026-05-23 22:13:55.888007541 [W:onnxruntime:Default, device_discovery.cc:283 GetGpuDevices] Failed to detect devices under "/sys/class/drm/card1": device_discovery.cc:93 ReadFileContents Failed to open file: "/sys/class/drm/card1/device/vendor"[m
[0;93m2026-05-23 22:13:55.888725852 [W:onnxruntime:Default, device_discovery.cc:283 GetGpuDevices] Failed to detect devices under "/sys/class/drm/card0": device_discovery.cc:93 ReadFileContents Failed to open file: "/sys/class/drm/card0/device/vendor"[m
Traceback (most recent call last):
  File "/home/sedai/SEDAI/.venv/bin/piper", line 6, in <module>
    sys.exit(main())
             ~~~~^^
  File "/home/sedai/SEDAI/.venv/lib/python3.13/site-packages/piper/__main__.py", line 249, in main
    lines_to_wav()
    ~~~~~~~~~~~~^^
  File "/home/sedai/SEDAI/.venv/lib/python3.13/site-packages/piper/__main__.py", line 169, in lines_to_wav
    for i, audio_chunk in enumerate(voice.synthesize(line, syn_config)):
                          ~~~~~~~~~^^^^^^^^^^^^^^^^^^^^^^^^^^^^^^^^^^^^
  File "/home/sedai/SEDAI/.venv/lib/python3.13/site-packages/piper/voice.py", line 295, in synthesize
    audio_result = self.phoneme_ids_to_audio(
        phoneme_ids, syn_config, include_alignments=include_alignments
    )
  File "/home/sedai/SEDAI/.venv/lib/python3.13/site-packages/piper/voice.py", line 483, in phoneme_ids_to_audio
    result = self.session.run(
        None,
        args,
    )
  File "/home/sedai/SEDAI/.venv/lib/python3.13/site-packages/onnxruntime/capi/onnxruntime_inference_collection.py", line 321, in run
    return self._sess.run(output_names, input_feed, run_options)
           ~~~~~~~~~~~~~~^^^^^^^^^^^^^^^^^^^^^^^^^^^^^^^^^^^^^^^
KeyboardInterrupt
2026-05-23 22:14:00 | INFO     | TTS          | [TTS] Arrêt du thread TTS.
2026-05-23 22:14:00 | INFO     | DIAGNOSTIC   | [DIAGNOSTIC] Arrêt du thread de diagnostic.
2026-05-23 22:14:00 | INFO     | SEDAI        | [SEDAI] Initiation aux process de fermeture...
2026-05-23 22:14:00 | INFO     | SEDAI        | [SEDAI] Extinction complète !
2026-05-23 22:14:04 | INFO     | SEDAI        | === Système de logging SEDAI initialisé ===
2026-05-23 22:14:04 | INFO     | SEDAI        | ==================================================
2026-05-23 22:14:04 | INFO     | SEDAI        |    SEDAI - Système Embarqué de Diagnostic Auto (v2.0)    
2026-05-23 22:14:04 | INFO     | SEDAI        | ==================================================
2026-05-23 22:14:04 | INFO     | SEDAI        | [SEDAI: 1/4] Vérification du modèle llama-cpp-python...
2026-05-23 22:14:04 | INFO     | STARTUP      | [STARTUP] Vérification du modèle llama.cpp...
2026-05-23 22:14:04 | INFO     | STARTUP      | [STARTUP] Modèle llama.cpp trouvé : /home/sedai/SEDAI/src/models/google_gemma-3-4b-it-Q5_K_M.gguf
2026-05-23 22:14:04 | INFO     | STARTUP      | [STARTUP] Sous-système IA initialisé avec succès.
2026-05-23 22:14:04 | INFO     | SEDAI        | [SEDAI] Chargement du modèle GGUF en mémoire (peut prendre jusqu'à 5 min)...
2026-05-23 22:14:42 | INFO     | SEDAI        | [SEDAI] Modèle chargé avec succès.
2026-05-23 22:14:42 | INFO     | SEDAI        | [SEDAI] Pré-chauffage du cache IA (Prefix Caching)...
2026-05-23 22:16:27 | INFO     | SEDAI        | [SEDAI] Cache initialisé. Système prêt pour une réactivité maximale.
2026-05-23 22:16:27 | INFO     | SEDAI        | [SEDAI: 2/4] Création du pipeline transactionnel...
2026-05-23 22:16:27 | INFO     | SEDAI        | [SEDAI: 3/4] Instanciation et couplage modulaire...
2026-05-23 22:16:27 | INFO     | MEMORY       | [MEMORY] Historique chargé : 2 échanges trouvés.
2026-05-23 22:16:27 | INFO     | TTS          | [TTS] Restauration du volume matériel sur la carte 0...
2026-05-23 22:16:27 | INFO     | VOICE        | [VOICE] Chargement du modèle ASR depuis /home/sedai/SEDAI/src/models/vosk/vosk-model-fr-0.6-linto-2.2.0...
2026-05-23 22:16:57 | INFO     | VOICE        | [VOICE] Modèle Vosk chargé avec succès.
2026-05-23 22:16:57 | INFO     | WS           | [WS] Carte audio USB détectée à l'index 0.
2026-05-23 22:16:57 | INFO     | SEDAI        | [SEDAI: 4/4] Top-départ de l'orchestrateur (Daemonisation)...
2026-05-23 22:16:57 | INFO     | TTS          | [TTS] Démarrage du thread de synthèse vocale.
2026-05-23 22:16:57 | INFO     | VOICE        | [VOICE] Démarrage du thread de reconnaissance vocale (Vosk Asynchrone).
2026-05-23 22:16:57 | INFO     | OBD          | [OBD] Démarrage du thread d'acquisition (time-slicing v2.1).
2026-05-23 22:16:57 | INFO     | MONITOR      | [MONITOR] Démarrage du thread de surveillance.
2026-05-23 22:16:57 | INFO     | DIAGNOSTIC   | [DIAGNOSTIC] Démarrage du thread de diagnostic IA.
2026-05-23 22:16:57 | INFO     | WS           | [WS] Serveur prêt sur 0.0.0.0:8765
2026-05-23 22:16:57 | INFO     | SEDAI        | [SEDAI] Système Opérationnel. Lancement autonome achevé à 100%.
2026-05-23 22:16:57 | INFO     | OBD          | [OBD] Tentative de reconnexion dans 3s (essai #1)...
2026-05-23 22:16:57 | INFO     | WS           | [WS] Démarrage de la boucle de diffusion (broadcast).
2026-05-23 22:17:00 | INFO     | OBD          | [OBD] Aucun port série USB physique (/dev/ttyUSB* ou /dev/ttyACM*) détecté. Recherche suspendue. Veuillez brancher l'adaptateur ELM327.
2026-05-23 22:17:00 | INFO     | OBD          | [OBD] Tentative de reconnexion dans 6s (essai #2)...
2026-05-23 22:17:06 | INFO     | OBD          | [OBD] Aucun port série USB physique (/dev/ttyUSB* ou /dev/ttyACM*) détecté. Recherche suspendue. Veuillez brancher l'adaptateur ELM327.
2026-05-23 22:17:06 | INFO     | OBD          | [OBD] Tentative de reconnexion dans 12s (essai #3)...
2026-05-23 22:17:06 | INFO     | TTS          | [TTS] Synthèse et lecture [Priorité 0] : Lancement réussi. Le diagnostic intelligent est opérationnel.
2026-05-23 22:17:13 | INFO     | SEDAI        | [SEDAI] Signal de terminaison reçu. Entame de la décroissance propre...
2026-05-23 22:17:13 | INFO     | MONITOR      | [MONITOR] Arrêt du thread de surveillance.
2026-05-23 22:17:13 | INFO     | OBD          | [OBD] Thread OBD arrêté proprement.
2026-05-23 22:17:13 | INFO     | VOICE        | [VOICE] Arrêt du thread de reconnaissance vocale.
2026-05-23 22:17:13 | ERROR    | TTS          | [TTS] Erreur aplay (code 1) : Playing WAVE '/tmp/sedai_tts.wav' : Signed 16 bit Little Endian, Rate 22050 Hz, Mono
Aborted by signal Interrupt...
aplay: pcm_write:2178: write error: Interrupted system call
2026-05-23 22:17:13 | INFO     | TTS          | [TTS] Arrêt du thread TTS.
2026-05-23 22:17:14 | INFO     | DIAGNOSTIC   | [DIAGNOSTIC] Arrêt du thread de diagnostic.
2026-05-23 22:17:14 | INFO     | SEDAI        | [SEDAI] Initiation aux process de fermeture...
2026-05-23 22:17:14 | INFO     | SEDAI        | [SEDAI] Extinction complète !
2026-05-23 22:17:18 | INFO     | SEDAI        | === Système de logging SEDAI initialisé ===
2026-05-23 22:17:18 | INFO     | SEDAI        | ==================================================
2026-05-23 22:17:18 | INFO     | SEDAI        |    SEDAI - Système Embarqué de Diagnostic Auto (v2.0)    
2026-05-23 22:17:18 | INFO     | SEDAI        | ==================================================
2026-05-23 22:17:18 | INFO     | SEDAI        | [SEDAI: 1/4] Vérification du modèle llama-cpp-python...
2026-05-23 22:17:18 | INFO     | STARTUP      | [STARTUP] Vérification du modèle llama.cpp...
2026-05-23 22:17:18 | INFO     | STARTUP      | [STARTUP] Modèle llama.cpp trouvé : /home/sedai/SEDAI/src/models/google_gemma-3-4b-it-Q5_K_M.gguf
2026-05-23 22:17:18 | INFO     | STARTUP      | [STARTUP] Sous-système IA initialisé avec succès.
2026-05-23 22:17:18 | INFO     | SEDAI        | [SEDAI] Chargement du modèle GGUF en mémoire (peut prendre jusqu'à 5 min)...
2026-05-23 22:17:59 | INFO     | SEDAI        | [SEDAI] Modèle chargé avec succès.
2026-05-23 22:17:59 | INFO     | SEDAI        | [SEDAI] Pré-chauffage du cache IA (Prefix Caching)...
2026-05-23 22:19:42 | INFO     | SEDAI        | [SEDAI] Cache initialisé. Système prêt pour une réactivité maximale.
2026-05-23 22:19:42 | INFO     | SEDAI        | [SEDAI: 2/4] Création du pipeline transactionnel...
2026-05-23 22:19:42 | INFO     | SEDAI        | [SEDAI: 3/4] Instanciation et couplage modulaire...
2026-05-23 22:19:42 | INFO     | MEMORY       | [MEMORY] Historique chargé : 2 échanges trouvés.
2026-05-23 22:19:42 | INFO     | TTS          | [TTS] Restauration du volume matériel sur la carte 0...
2026-05-23 22:19:42 | INFO     | VOICE        | [VOICE] Chargement du modèle ASR depuis /home/sedai/SEDAI/src/models/vosk/vosk-model-fr-0.6-linto-2.2.0...
2026-05-23 22:20:13 | INFO     | VOICE        | [VOICE] Modèle Vosk chargé avec succès.
2026-05-23 22:20:13 | INFO     | WS           | [WS] Carte audio USB détectée à l'index 0.
2026-05-23 22:20:13 | INFO     | SEDAI        | [SEDAI: 4/4] Top-départ de l'orchestrateur (Daemonisation)...
2026-05-23 22:20:13 | INFO     | TTS          | [TTS] Démarrage du thread de synthèse vocale.
2026-05-23 22:20:13 | INFO     | VOICE        | [VOICE] Démarrage du thread de reconnaissance vocale (Vosk Asynchrone).
2026-05-23 22:20:13 | INFO     | OBD          | [OBD] Démarrage du thread d'acquisition (time-slicing v2.1).
2026-05-23 22:20:13 | INFO     | MONITOR      | [MONITOR] Démarrage du thread de surveillance.
2026-05-23 22:20:13 | INFO     | DIAGNOSTIC   | [DIAGNOSTIC] Démarrage du thread de diagnostic IA.
2026-05-23 22:20:13 | INFO     | SEDAI        | [SEDAI] Système Opérationnel. Lancement autonome achevé à 100%.
2026-05-23 22:20:13 | INFO     | WS           | [WS] Serveur prêt sur 0.0.0.0:8765
2026-05-23 22:20:13 | INFO     | OBD          | [OBD] Tentative de reconnexion dans 3s (essai #1)...
2026-05-23 22:20:13 | INFO     | WS           | [WS] Démarrage de la boucle de diffusion (broadcast).
2026-05-23 22:20:16 | INFO     | OBD          | [OBD] Aucun port série USB physique (/dev/ttyUSB* ou /dev/ttyACM*) détecté. Recherche suspendue. Veuillez brancher l'adaptateur ELM327.
2026-05-23 22:20:16 | INFO     | OBD          | [OBD] Tentative de reconnexion dans 6s (essai #2)...
2026-05-23 22:20:22 | INFO     | OBD          | [OBD] Aucun port série USB physique (/dev/ttyUSB* ou /dev/ttyACM*) détecté. Recherche suspendue. Veuillez brancher l'adaptateur ELM327.
2026-05-23 22:20:22 | INFO     | OBD          | [OBD] Tentative de reconnexion dans 12s (essai #3)...
2026-05-23 22:20:22 | INFO     | TTS          | [TTS] Synthèse et lecture [Priorité 0] : Lancement réussi. Le diagnostic intelligent est opérationnel.
2026-05-23 22:20:34 | INFO     | OBD          | [OBD] Aucun port série USB physique (/dev/ttyUSB* ou /dev/ttyACM*) détecté. Recherche suspendue. Veuillez brancher l'adaptateur ELM327.
2026-05-23 22:20:34 | INFO     | OBD          | [OBD] Tentative de reconnexion dans 24s (essai #4)...
2026-05-23 22:20:36 | INFO     | SEDAI        | [SEDAI] Signal de terminaison reçu. Entame de la décroissance propre...
2026-05-23 22:20:36 | INFO     | OBD          | [OBD] Thread OBD arrêté proprement.
2026-05-23 22:20:36 | INFO     | MONITOR      | [MONITOR] Arrêt du thread de surveillance.
2026-05-23 22:20:36 | INFO     | VOICE        | [VOICE] Arrêt du thread de reconnaissance vocale.
2026-05-23 22:20:36 | INFO     | TTS          | [TTS] Arrêt du thread TTS.
2026-05-23 22:20:36 | INFO     | DIAGNOSTIC   | [DIAGNOSTIC] Arrêt du thread de diagnostic.
2026-05-23 22:20:36 | INFO     | SEDAI        | [SEDAI] Initiation aux process de fermeture...
2026-05-23 22:20:36 | INFO     | SEDAI        | [SEDAI] Extinction complète !
2026-05-23 22:20:39 | INFO     | SEDAI        | === Système de logging SEDAI initialisé ===
2026-05-23 22:20:39 | INFO     | SEDAI        | ==================================================
2026-05-23 22:20:39 | INFO     | SEDAI        |    SEDAI - Système Embarqué de Diagnostic Auto (v2.0)    
2026-05-23 22:20:39 | INFO     | SEDAI        | ==================================================
2026-05-23 22:20:39 | INFO     | SEDAI        | [SEDAI: 1/4] Vérification du modèle llama-cpp-python...
2026-05-23 22:20:39 | INFO     | STARTUP      | [STARTUP] Vérification du modèle llama.cpp...
2026-05-23 22:20:39 | INFO     | STARTUP      | [STARTUP] Modèle llama.cpp trouvé : /home/sedai/SEDAI/src/models/google_gemma-3-4b-it-Q5_K_M.gguf
2026-05-23 22:20:39 | INFO     | STARTUP      | [STARTUP] Sous-système IA initialisé avec succès.
2026-05-23 22:20:39 | INFO     | SEDAI        | [SEDAI] Chargement du modèle GGUF en mémoire (peut prendre jusqu'à 5 min)...
2026-05-23 22:21:21 | INFO     | SEDAI        | [SEDAI] Modèle chargé avec succès.
2026-05-23 22:21:21 | INFO     | SEDAI        | [SEDAI] Pré-chauffage du cache IA (Prefix Caching)...
2026-05-23 22:23:05 | INFO     | SEDAI        | [SEDAI] Cache initialisé. Système prêt pour une réactivité maximale.
2026-05-23 22:23:05 | INFO     | SEDAI        | [SEDAI: 2/4] Création du pipeline transactionnel...
2026-05-23 22:23:05 | INFO     | SEDAI        | [SEDAI: 3/4] Instanciation et couplage modulaire...
2026-05-23 22:23:05 | INFO     | MEMORY       | [MEMORY] Historique chargé : 2 échanges trouvés.
2026-05-23 22:23:05 | INFO     | TTS          | [TTS] Restauration du volume matériel sur la carte 0...
2026-05-23 22:23:05 | INFO     | VOICE        | [VOICE] Chargement du modèle ASR depuis /home/sedai/SEDAI/src/models/vosk/vosk-model-fr-0.6-linto-2.2.0...
2026-05-23 22:23:35 | INFO     | VOICE        | [VOICE] Modèle Vosk chargé avec succès.
2026-05-23 22:23:35 | INFO     | WS           | [WS] Carte audio USB détectée à l'index 0.
2026-05-23 22:23:35 | INFO     | SEDAI        | [SEDAI: 4/4] Top-départ de l'orchestrateur (Daemonisation)...
2026-05-23 22:23:35 | INFO     | TTS          | [TTS] Démarrage du thread de synthèse vocale.
2026-05-23 22:23:35 | INFO     | VOICE        | [VOICE] Démarrage du thread de reconnaissance vocale (Vosk Asynchrone).
2026-05-23 22:23:35 | INFO     | OBD          | [OBD] Démarrage du thread d'acquisition (time-slicing v2.1).
2026-05-23 22:23:35 | INFO     | OBD          | [OBD] Tentative de reconnexion dans 3s (essai #1)...
2026-05-23 22:23:35 | INFO     | MONITOR      | [MONITOR] Démarrage du thread de surveillance.
2026-05-23 22:23:35 | INFO     | DIAGNOSTIC   | [DIAGNOSTIC] Démarrage du thread de diagnostic IA.
2026-05-23 22:23:35 | INFO     | WS           | [WS] Serveur prêt sur 0.0.0.0:8765
2026-05-23 22:23:35 | INFO     | SEDAI        | [SEDAI] Système Opérationnel. Lancement autonome achevé à 100%.
2026-05-23 22:23:35 | INFO     | WS           | [WS] Démarrage de la boucle de diffusion (broadcast).
2026-05-23 22:23:38 | INFO     | OBD          | [OBD] Aucun port série USB physique (/dev/ttyUSB* ou /dev/ttyACM*) détecté. Recherche suspendue. Veuillez brancher l'adaptateur ELM327.
2026-05-23 22:23:38 | INFO     | OBD          | [OBD] Tentative de reconnexion dans 6s (essai #2)...
2026-05-23 22:23:44 | INFO     | OBD          | [OBD] Aucun port série USB physique (/dev/ttyUSB* ou /dev/ttyACM*) détecté. Recherche suspendue. Veuillez brancher l'adaptateur ELM327.
2026-05-23 22:23:44 | INFO     | OBD          | [OBD] Tentative de reconnexion dans 12s (essai #3)...
2026-05-23 22:23:44 | INFO     | TTS          | [TTS] Synthèse et lecture [Priorité 0] : Salut! Système opérationnel, prêt pour l'analyse du moteur.
2026-05-23 22:23:55 | INFO     | SEDAI        | [SEDAI] Signal de terminaison reçu. Entame de la décroissance propre...
2026-05-23 22:23:55 | INFO     | MONITOR      | [MONITOR] Arrêt du thread de surveillance.
2026-05-23 22:23:55 | INFO     | OBD          | [OBD] Thread OBD arrêté proprement.
2026-05-23 22:23:55 | INFO     | VOICE        | [VOICE] Arrêt du thread de reconnaissance vocale.
2026-05-23 22:23:55 | INFO     | TTS          | [TTS] Arrêt du thread TTS.
2026-05-23 22:23:55 | INFO     | DIAGNOSTIC   | [DIAGNOSTIC] Arrêt du thread de diagnostic.
2026-05-23 22:23:55 | INFO     | SEDAI        | [SEDAI] Initiation aux process de fermeture...
2026-05-23 22:23:55 | INFO     | SEDAI        | [SEDAI] Extinction complète !
2026-05-23 22:23:58 | INFO     | SEDAI        | === Système de logging SEDAI initialisé ===
2026-05-23 22:23:58 | INFO     | SEDAI        | ==================================================
2026-05-23 22:23:58 | INFO     | SEDAI        |    SEDAI - Système Embarqué de Diagnostic Auto (v2.0)    
2026-05-23 22:23:58 | INFO     | SEDAI        | ==================================================
2026-05-23 22:23:58 | INFO     | SEDAI        | [SEDAI: 1/4] Vérification du modèle llama-cpp-python...
2026-05-23 22:23:58 | INFO     | STARTUP      | [STARTUP] Vérification du modèle llama.cpp...
2026-05-23 22:23:58 | INFO     | STARTUP      | [STARTUP] Modèle llama.cpp trouvé : /home/sedai/SEDAI/src/models/google_gemma-3-4b-it-Q5_K_M.gguf
2026-05-23 22:23:58 | INFO     | STARTUP      | [STARTUP] Sous-système IA initialisé avec succès.
2026-05-23 22:23:58 | INFO     | SEDAI        | [SEDAI] Chargement du modèle GGUF en mémoire (peut prendre jusqu'à 5 min)...
2026-05-23 22:24:34 | INFO     | SEDAI        | [SEDAI] Modèle chargé avec succès.
2026-05-23 22:24:34 | INFO     | SEDAI        | [SEDAI] Pré-chauffage du cache IA (Prefix Caching)...
2026-05-23 22:26:18 | INFO     | SEDAI        | [SEDAI] Cache initialisé. Système prêt pour une réactivité maximale.
2026-05-23 22:26:18 | INFO     | SEDAI        | [SEDAI: 2/4] Création du pipeline transactionnel...
2026-05-23 22:26:18 | INFO     | SEDAI        | [SEDAI: 3/4] Instanciation et couplage modulaire...
2026-05-23 22:26:18 | INFO     | MEMORY       | [MEMORY] Historique chargé : 2 échanges trouvés.
2026-05-23 22:26:18 | INFO     | TTS          | [TTS] Restauration du volume matériel sur la carte 0...
2026-05-23 22:26:18 | INFO     | VOICE        | [VOICE] Chargement du modèle ASR depuis /home/sedai/SEDAI/src/models/vosk/vosk-model-fr-0.6-linto-2.2.0...
2026-05-23 22:26:48 | INFO     | VOICE        | [VOICE] Modèle Vosk chargé avec succès.
2026-05-23 22:26:48 | INFO     | WS           | [WS] Carte audio USB détectée à l'index 0.
2026-05-23 22:26:48 | INFO     | SEDAI        | [SEDAI: 4/4] Top-départ de l'orchestrateur (Daemonisation)...
2026-05-23 22:26:48 | INFO     | TTS          | [TTS] Démarrage du thread de synthèse vocale.
2026-05-23 22:26:48 | INFO     | VOICE        | [VOICE] Démarrage du thread de reconnaissance vocale (Vosk Asynchrone).
2026-05-23 22:26:48 | INFO     | OBD          | [OBD] Démarrage du thread d'acquisition (time-slicing v2.1).
2026-05-23 22:26:48 | INFO     | MONITOR      | [MONITOR] Démarrage du thread de surveillance.
2026-05-23 22:26:48 | INFO     | DIAGNOSTIC   | [DIAGNOSTIC] Démarrage du thread de diagnostic IA.
2026-05-23 22:26:48 | INFO     | OBD          | [OBD] Tentative de reconnexion dans 3s (essai #1)...
2026-05-23 22:26:48 | INFO     | WS           | [WS] Serveur prêt sur 0.0.0.0:8765
2026-05-23 22:26:48 | INFO     | SEDAI        | [SEDAI] Système Opérationnel. Lancement autonome achevé à 100%.
2026-05-23 22:26:48 | INFO     | WS           | [WS] Démarrage de la boucle de diffusion (broadcast).
2026-05-23 22:26:51 | INFO     | OBD          | [OBD] Aucun port série USB physique (/dev/ttyUSB* ou /dev/ttyACM*) détecté. Recherche suspendue. Veuillez brancher l'adaptateur ELM327.
2026-05-23 22:26:51 | INFO     | OBD          | [OBD] Tentative de reconnexion dans 6s (essai #2)...
2026-05-23 22:26:57 | INFO     | OBD          | [OBD] Aucun port série USB physique (/dev/ttyUSB* ou /dev/ttyACM*) détecté. Recherche suspendue. Veuillez brancher l'adaptateur ELM327.
2026-05-23 22:26:57 | INFO     | OBD          | [OBD] Tentative de reconnexion dans 12s (essai #3)...
2026-05-23 22:26:57 | INFO     | TTS          | [TTS] Synthèse et lecture [Priorité 0] : SEDAI activé. Prêt à surveiller votre véhicule.
2026-05-23 22:27:09 | INFO     | OBD          | [OBD] Aucun port série USB physique (/dev/ttyUSB* ou /dev/ttyACM*) détecté. Recherche suspendue. Veuillez brancher l'adaptateur ELM327.
2026-05-23 22:27:09 | INFO     | OBD          | [OBD] Tentative de reconnexion dans 24s (essai #4)...
2026-05-23 22:27:09 | INFO     | SEDAI        | [SEDAI] Signal de terminaison reçu. Entame de la décroissance propre...
2026-05-23 22:27:09 | INFO     | OBD          | [OBD] Thread OBD arrêté proprement.
2026-05-23 22:27:09 | INFO     | MONITOR      | [MONITOR] Arrêt du thread de surveillance.
2026-05-23 22:27:09 | INFO     | SEDAI        | [SEDAI] Initiation aux process de fermeture...
2026-05-23 22:27:10 | INFO     | VOICE        | [VOICE] Arrêt du thread de reconnaissance vocale.
2026-05-23 22:27:10 | INFO     | TTS          | [TTS] Arrêt du thread TTS.
2026-05-23 22:27:10 | INFO     | DIAGNOSTIC   | [DIAGNOSTIC] Arrêt du thread de diagnostic.
2026-05-23 22:27:10 | INFO     | SEDAI        | [SEDAI] Extinction complète !
2026-05-23 22:27:14 | INFO     | SEDAI        | === Système de logging SEDAI initialisé ===
2026-05-23 22:27:14 | INFO     | SEDAI        | ==================================================
2026-05-23 22:27:14 | INFO     | SEDAI        |    SEDAI - Système Embarqué de Diagnostic Auto (v2.0)    
2026-05-23 22:27:14 | INFO     | SEDAI        | ==================================================
2026-05-23 22:27:14 | INFO     | SEDAI        | [SEDAI: 1/4] Vérification du modèle llama-cpp-python...
2026-05-23 22:27:14 | INFO     | STARTUP      | [STARTUP] Vérification du modèle llama.cpp...
2026-05-23 22:27:14 | INFO     | STARTUP      | [STARTUP] Modèle llama.cpp trouvé : /home/sedai/SEDAI/src/models/google_gemma-3-4b-it-Q5_K_M.gguf
2026-05-23 22:27:14 | INFO     | STARTUP      | [STARTUP] Sous-système IA initialisé avec succès.
2026-05-23 22:27:14 | INFO     | SEDAI        | [SEDAI] Chargement du modèle GGUF en mémoire (peut prendre jusqu'à 5 min)...
2026-05-23 22:27:53 | INFO     | SEDAI        | [SEDAI] Modèle chargé avec succès.
2026-05-23 22:27:53 | INFO     | SEDAI        | [SEDAI] Pré-chauffage du cache IA (Prefix Caching)...
2026-05-23 22:29:40 | INFO     | SEDAI        | [SEDAI] Cache initialisé. Système prêt pour une réactivité maximale.
2026-05-23 22:29:40 | INFO     | SEDAI        | [SEDAI: 2/4] Création du pipeline transactionnel...
2026-05-23 22:29:40 | INFO     | SEDAI        | [SEDAI: 3/4] Instanciation et couplage modulaire...
2026-05-23 22:29:40 | INFO     | MEMORY       | [MEMORY] Historique chargé : 2 échanges trouvés.
2026-05-23 22:29:40 | INFO     | TTS          | [TTS] Restauration du volume matériel sur la carte 0...
2026-05-23 22:29:40 | INFO     | VOICE        | [VOICE] Chargement du modèle ASR depuis /home/sedai/SEDAI/src/models/vosk/vosk-model-fr-0.6-linto-2.2.0...
2026-05-23 22:30:10 | INFO     | VOICE        | [VOICE] Modèle Vosk chargé avec succès.
2026-05-23 22:30:10 | INFO     | WS           | [WS] Carte audio USB détectée à l'index 0.
2026-05-23 22:30:10 | INFO     | SEDAI        | [SEDAI: 4/4] Top-départ de l'orchestrateur (Daemonisation)...
2026-05-23 22:30:10 | INFO     | TTS          | [TTS] Démarrage du thread de synthèse vocale.
2026-05-23 22:30:10 | INFO     | VOICE        | [VOICE] Démarrage du thread de reconnaissance vocale (Vosk Asynchrone).
2026-05-23 22:30:10 | INFO     | OBD          | [OBD] Démarrage du thread d'acquisition (time-slicing v2.1).
2026-05-23 22:30:10 | INFO     | MONITOR      | [MONITOR] Démarrage du thread de surveillance.
2026-05-23 22:30:10 | INFO     | OBD          | [OBD] Tentative de reconnexion dans 3s (essai #1)...
2026-05-23 22:30:10 | INFO     | DIAGNOSTIC   | [DIAGNOSTIC] Démarrage du thread de diagnostic IA.
2026-05-23 22:30:10 | INFO     | WS           | [WS] Serveur prêt sur 0.0.0.0:8765
2026-05-23 22:30:10 | INFO     | SEDAI        | [SEDAI] Système Opérationnel. Lancement autonome achevé à 100%.
2026-05-23 22:30:10 | INFO     | WS           | [WS] Démarrage de la boucle de diffusion (broadcast).
2026-05-23 22:30:13 | INFO     | OBD          | [OBD] Aucun port série USB physique (/dev/ttyUSB* ou /dev/ttyACM*) détecté. Recherche suspendue. Veuillez brancher l'adaptateur ELM327.
2026-05-23 22:30:13 | INFO     | OBD          | [OBD] Tentative de reconnexion dans 6s (essai #2)...
2026-05-23 22:30:19 | INFO     | OBD          | [OBD] Aucun port série USB physique (/dev/ttyUSB* ou /dev/ttyACM*) détecté. Recherche suspendue. Veuillez brancher l'adaptateur ELM327.
2026-05-23 22:30:19 | INFO     | OBD          | [OBD] Tentative de reconnexion dans 12s (essai #3)...
2026-05-23 22:30:19 | INFO     | TTS          | [TTS] Synthèse et lecture [Priorité 0] : Salut! Système opérationnel, prêt pour l'analyse du moteur.
2026-05-23 22:30:31 | INFO     | OBD          | [OBD] Aucun port série USB physique (/dev/ttyUSB* ou /dev/ttyACM*) détecté. Recherche suspendue. Veuillez brancher l'adaptateur ELM327.
2026-05-23 22:30:31 | INFO     | OBD          | [OBD] Tentative de reconnexion dans 24s (essai #4)...
2026-05-23 22:30:44 | INFO     | SEDAI        | [SEDAI] Signal de terminaison reçu. Entame de la décroissance propre...
2026-05-23 22:30:44 | INFO     | OBD          | [OBD] Thread OBD arrêté proprement.
2026-05-23 22:30:44 | INFO     | MONITOR      | [MONITOR] Arrêt du thread de surveillance.
2026-05-23 22:30:44 | INFO     | VOICE        | [VOICE] Arrêt du thread de reconnaissance vocale.
2026-05-23 22:30:44 | INFO     | SEDAI        | [SEDAI] Initiation aux process de fermeture...
2026-05-23 22:30:44 | INFO     | TTS          | [TTS] Arrêt du thread TTS.
2026-05-23 22:30:45 | INFO     | DIAGNOSTIC   | [DIAGNOSTIC] Arrêt du thread de diagnostic.
2026-05-23 22:30:45 | INFO     | SEDAI        | [SEDAI] Extinction complète !
2026-05-23 22:30:47 | INFO     | SEDAI        | === Système de logging SEDAI initialisé ===
2026-05-23 22:30:47 | INFO     | SEDAI        | ==================================================
2026-05-23 22:30:47 | INFO     | SEDAI        |    SEDAI - Système Embarqué de Diagnostic Auto (v2.0)    
2026-05-23 22:30:47 | INFO     | SEDAI        | ==================================================
2026-05-23 22:30:47 | INFO     | SEDAI        | [SEDAI: 1/4] Vérification du modèle llama-cpp-python...
2026-05-23 22:30:47 | INFO     | STARTUP      | [STARTUP] Vérification du modèle llama.cpp...
2026-05-23 22:30:47 | INFO     | STARTUP      | [STARTUP] Modèle llama.cpp trouvé : /home/sedai/SEDAI/src/models/google_gemma-3-4b-it-Q5_K_M.gguf
2026-05-23 22:30:47 | INFO     | STARTUP      | [STARTUP] Sous-système IA initialisé avec succès.
2026-05-23 22:30:47 | INFO     | SEDAI        | [SEDAI] Chargement du modèle GGUF en mémoire (peut prendre jusqu'à 5 min)...
2026-05-23 22:31:32 | INFO     | SEDAI        | [SEDAI] Modèle chargé avec succès.
2026-05-23 22:31:32 | INFO     | SEDAI        | [SEDAI] Pré-chauffage du cache IA (Prefix Caching)...
2026-05-23 22:33:17 | INFO     | SEDAI        | [SEDAI] Cache initialisé. Système prêt pour une réactivité maximale.
2026-05-23 22:33:17 | INFO     | SEDAI        | [SEDAI: 2/4] Création du pipeline transactionnel...
2026-05-23 22:33:17 | INFO     | SEDAI        | [SEDAI: 3/4] Instanciation et couplage modulaire...
2026-05-23 22:33:17 | INFO     | MEMORY       | [MEMORY] Historique chargé : 2 échanges trouvés.
2026-05-23 22:33:17 | INFO     | TTS          | [TTS] Restauration du volume matériel sur la carte 0...
2026-05-23 22:33:17 | INFO     | VOICE        | [VOICE] Chargement du modèle ASR depuis /home/sedai/SEDAI/src/models/vosk/vosk-model-fr-0.6-linto-2.2.0...
2026-05-23 22:33:48 | INFO     | VOICE        | [VOICE] Modèle Vosk chargé avec succès.
2026-05-23 22:33:48 | INFO     | WS           | [WS] Carte audio USB détectée à l'index 0.
2026-05-23 22:33:48 | INFO     | SEDAI        | [SEDAI: 4/4] Top-départ de l'orchestrateur (Daemonisation)...
2026-05-23 22:33:48 | INFO     | TTS          | [TTS] Démarrage du thread de synthèse vocale.
2026-05-23 22:33:48 | INFO     | VOICE        | [VOICE] Démarrage du thread de reconnaissance vocale (Vosk Asynchrone).
2026-05-23 22:33:48 | INFO     | OBD          | [OBD] Démarrage du thread d'acquisition (time-slicing v2.1).
2026-05-23 22:33:48 | INFO     | MONITOR      | [MONITOR] Démarrage du thread de surveillance.
2026-05-23 22:33:48 | INFO     | DIAGNOSTIC   | [DIAGNOSTIC] Démarrage du thread de diagnostic IA.
2026-05-23 22:33:48 | INFO     | WS           | [WS] Serveur prêt sur 0.0.0.0:8765
2026-05-23 22:33:48 | INFO     | OBD          | [OBD] Tentative de reconnexion dans 3s (essai #1)...
2026-05-23 22:33:48 | INFO     | SEDAI        | [SEDAI] Système Opérationnel. Lancement autonome achevé à 100%.
2026-05-23 22:33:48 | INFO     | WS           | [WS] Démarrage de la boucle de diffusion (broadcast).
2026-05-23 22:33:51 | INFO     | OBD          | [OBD] Aucun port série USB physique (/dev/ttyUSB* ou /dev/ttyACM*) détecté. Recherche suspendue. Veuillez brancher l'adaptateur ELM327.
2026-05-23 22:33:51 | INFO     | OBD          | [OBD] Tentative de reconnexion dans 6s (essai #2)...
2026-05-23 22:33:57 | INFO     | OBD          | [OBD] Aucun port série USB physique (/dev/ttyUSB* ou /dev/ttyACM*) détecté. Recherche suspendue. Veuillez brancher l'adaptateur ELM327.
2026-05-23 22:33:57 | INFO     | OBD          | [OBD] Tentative de reconnexion dans 12s (essai #3)...
2026-05-23 22:33:57 | INFO     | TTS          | [TTS] Synthèse et lecture [Priorité 0] : SEDAI activé. Prêt à surveiller votre véhicule.
2026-05-23 22:34:09 | INFO     | OBD          | [OBD] Aucun port série USB physique (/dev/ttyUSB* ou /dev/ttyACM*) détecté. Recherche suspendue. Veuillez brancher l'adaptateur ELM327.
2026-05-23 22:34:09 | INFO     | OBD          | [OBD] Tentative de reconnexion dans 24s (essai #4)...
2026-05-23 22:34:24 | INFO     | SEDAI        | [SEDAI] Signal de terminaison reçu. Entame de la décroissance propre...
2026-05-23 22:34:24 | INFO     | MONITOR      | [MONITOR] Arrêt du thread de surveillance.
2026-05-23 22:34:24 | INFO     | OBD          | [OBD] Thread OBD arrêté proprement.
2026-05-23 22:34:24 | INFO     | VOICE        | [VOICE] Arrêt du thread de reconnaissance vocale.
2026-05-23 22:34:24 | INFO     | TTS          | [TTS] Arrêt du thread TTS.
2026-05-23 22:34:25 | INFO     | DIAGNOSTIC   | [DIAGNOSTIC] Arrêt du thread de diagnostic.
2026-05-23 22:34:25 | INFO     | SEDAI        | [SEDAI] Initiation aux process de fermeture...
2026-05-23 22:34:25 | INFO     | SEDAI        | [SEDAI] Extinction complète !
2026-05-23 22:34:28 | INFO     | SEDAI        | === Système de logging SEDAI initialisé ===
2026-05-23 22:34:28 | INFO     | SEDAI        | ==================================================
2026-05-23 22:34:28 | INFO     | SEDAI        |    SEDAI - Système Embarqué de Diagnostic Auto (v2.0)    
2026-05-23 22:34:28 | INFO     | SEDAI        | ==================================================
2026-05-23 22:34:28 | INFO     | SEDAI        | [SEDAI: 1/4] Vérification du modèle llama-cpp-python...
2026-05-23 22:34:28 | INFO     | STARTUP      | [STARTUP] Vérification du modèle llama.cpp...
2026-05-23 22:34:28 | INFO     | STARTUP      | [STARTUP] Modèle llama.cpp trouvé : /home/sedai/SEDAI/src/models/google_gemma-3-4b-it-Q5_K_M.gguf
2026-05-23 22:34:28 | INFO     | STARTUP      | [STARTUP] Sous-système IA initialisé avec succès.
2026-05-23 22:34:28 | INFO     | SEDAI        | [SEDAI] Chargement du modèle GGUF en mémoire (peut prendre jusqu'à 5 min)...
2026-05-23 22:35:08 | INFO     | SEDAI        | [SEDAI] Modèle chargé avec succès.
2026-05-23 22:35:08 | INFO     | SEDAI        | [SEDAI] Pré-chauffage du cache IA (Prefix Caching)...
2026-05-23 22:36:51 | INFO     | SEDAI        | [SEDAI] Cache initialisé. Système prêt pour une réactivité maximale.
2026-05-23 22:36:51 | INFO     | SEDAI        | [SEDAI: 2/4] Création du pipeline transactionnel...
2026-05-23 22:36:51 | INFO     | SEDAI        | [SEDAI: 3/4] Instanciation et couplage modulaire...
2026-05-23 22:36:51 | INFO     | MEMORY       | [MEMORY] Historique chargé : 2 échanges trouvés.
2026-05-23 22:36:51 | INFO     | TTS          | [TTS] Restauration du volume matériel sur la carte 0...
2026-05-23 22:36:51 | INFO     | VOICE        | [VOICE] Chargement du modèle ASR depuis /home/sedai/SEDAI/src/models/vosk/vosk-model-fr-0.6-linto-2.2.0...
2026-05-23 22:37:21 | INFO     | VOICE        | [VOICE] Modèle Vosk chargé avec succès.
2026-05-23 22:37:21 | INFO     | WS           | [WS] Carte audio USB détectée à l'index 0.
2026-05-23 22:37:21 | INFO     | SEDAI        | [SEDAI: 4/4] Top-départ de l'orchestrateur (Daemonisation)...
2026-05-23 22:37:21 | INFO     | TTS          | [TTS] Démarrage du thread de synthèse vocale.
2026-05-23 22:37:21 | INFO     | VOICE        | [VOICE] Démarrage du thread de reconnaissance vocale (Vosk Asynchrone).
2026-05-23 22:37:21 | INFO     | OBD          | [OBD] Démarrage du thread d'acquisition (time-slicing v2.1).
2026-05-23 22:37:21 | INFO     | MONITOR      | [MONITOR] Démarrage du thread de surveillance.
2026-05-23 22:37:21 | INFO     | DIAGNOSTIC   | [DIAGNOSTIC] Démarrage du thread de diagnostic IA.
2026-05-23 22:37:21 | INFO     | WS           | [WS] Serveur prêt sur 0.0.0.0:8765
2026-05-23 22:37:21 | INFO     | OBD          | [OBD] Tentative de reconnexion dans 3s (essai #1)...
2026-05-23 22:37:21 | INFO     | SEDAI        | [SEDAI] Système Opérationnel. Lancement autonome achevé à 100%.
2026-05-23 22:37:21 | INFO     | WS           | [WS] Démarrage de la boucle de diffusion (broadcast).
2026-05-23 22:37:24 | INFO     | OBD          | [OBD] Aucun port série USB physique (/dev/ttyUSB* ou /dev/ttyACM*) détecté. Recherche suspendue. Veuillez brancher l'adaptateur ELM327.
2026-05-23 22:37:24 | INFO     | OBD          | [OBD] Tentative de reconnexion dans 6s (essai #2)...
2026-05-23 22:37:30 | INFO     | OBD          | [OBD] Aucun port série USB physique (/dev/ttyUSB* ou /dev/ttyACM*) détecté. Recherche suspendue. Veuillez brancher l'adaptateur ELM327.
2026-05-23 22:37:30 | INFO     | OBD          | [OBD] Tentative de reconnexion dans 12s (essai #3)...
2026-05-23 22:37:30 | INFO     | TTS          | [TTS] Synthèse et lecture [Priorité 0] : Salut! Système SEDAI démarré et prêt pour le diagnostic.
2026-05-23 22:37:39 | INFO     | SEDAI        | [SEDAI] Signal de terminaison reçu. Entame de la décroissance propre...
2026-05-23 22:37:39 | INFO     | MONITOR      | [MONITOR] Arrêt du thread de surveillance.
2026-05-23 22:37:39 | INFO     | OBD          | [OBD] Thread OBD arrêté proprement.
2026-05-23 22:37:39 | INFO     | VOICE        | [VOICE] Arrêt du thread de reconnaissance vocale.
2026-05-23 22:37:39 | INFO     | SEDAI        | [SEDAI] Initiation aux process de fermeture...
2026-05-23 22:37:39 | INFO     | TTS          | [TTS] Arrêt du thread TTS.
2026-05-23 22:37:40 | INFO     | DIAGNOSTIC   | [DIAGNOSTIC] Arrêt du thread de diagnostic.
2026-05-23 22:37:40 | INFO     | SEDAI        | [SEDAI] Extinction complète !
2026-05-23 22:37:43 | INFO     | SEDAI        | === Système de logging SEDAI initialisé ===
2026-05-23 22:37:43 | INFO     | SEDAI        | ==================================================
2026-05-23 22:37:43 | INFO     | SEDAI        |    SEDAI - Système Embarqué de Diagnostic Auto (v2.0)    
2026-05-23 22:37:43 | INFO     | SEDAI        | ==================================================
2026-05-23 22:37:43 | INFO     | SEDAI        | [SEDAI: 1/4] Vérification du modèle llama-cpp-python...
2026-05-23 22:37:43 | INFO     | STARTUP      | [STARTUP] Vérification du modèle llama.cpp...
2026-05-23 22:37:43 | INFO     | STARTUP      | [STARTUP] Modèle llama.cpp trouvé : /home/sedai/SEDAI/src/models/google_gemma-3-4b-it-Q5_K_M.gguf
2026-05-23 22:37:43 | INFO     | STARTUP      | [STARTUP] Sous-système IA initialisé avec succès.
2026-05-23 22:37:43 | INFO     | SEDAI        | [SEDAI] Chargement du modèle GGUF en mémoire (peut prendre jusqu'à 5 min)...
2026-05-23 22:38:26 | INFO     | SEDAI        | [SEDAI] Modèle chargé avec succès.
2026-05-23 22:38:26 | INFO     | SEDAI        | [SEDAI] Pré-chauffage du cache IA (Prefix Caching)...
2026-05-23 22:40:10 | INFO     | SEDAI        | [SEDAI] Cache initialisé. Système prêt pour une réactivité maximale.
2026-05-23 22:40:10 | INFO     | SEDAI        | [SEDAI: 2/4] Création du pipeline transactionnel...
2026-05-23 22:40:10 | INFO     | SEDAI        | [SEDAI: 3/4] Instanciation et couplage modulaire...
2026-05-23 22:40:10 | INFO     | MEMORY       | [MEMORY] Historique chargé : 2 échanges trouvés.
2026-05-23 22:40:10 | INFO     | TTS          | [TTS] Restauration du volume matériel sur la carte 0...
2026-05-23 22:40:10 | INFO     | VOICE        | [VOICE] Chargement du modèle ASR depuis /home/sedai/SEDAI/src/models/vosk/vosk-model-fr-0.6-linto-2.2.0...
2026-05-23 22:40:40 | INFO     | VOICE        | [VOICE] Modèle Vosk chargé avec succès.
2026-05-23 22:40:40 | INFO     | WS           | [WS] Carte audio USB détectée à l'index 0.
2026-05-23 22:40:40 | INFO     | SEDAI        | [SEDAI: 4/4] Top-départ de l'orchestrateur (Daemonisation)...
2026-05-23 22:40:40 | INFO     | TTS          | [TTS] Démarrage du thread de synthèse vocale.
2026-05-23 22:40:40 | INFO     | VOICE        | [VOICE] Démarrage du thread de reconnaissance vocale (Vosk Asynchrone).
2026-05-23 22:40:40 | INFO     | OBD          | [OBD] Démarrage du thread d'acquisition (time-slicing v2.1).
2026-05-23 22:40:40 | INFO     | MONITOR      | [MONITOR] Démarrage du thread de surveillance.
2026-05-23 22:40:40 | INFO     | DIAGNOSTIC   | [DIAGNOSTIC] Démarrage du thread de diagnostic IA.
2026-05-23 22:40:40 | INFO     | OBD          | [OBD] Tentative de reconnexion dans 3s (essai #1)...
2026-05-23 22:40:40 | INFO     | WS           | [WS] Serveur prêt sur 0.0.0.0:8765
2026-05-23 22:40:40 | INFO     | SEDAI        | [SEDAI] Système Opérationnel. Lancement autonome achevé à 100%.
2026-05-23 22:40:40 | INFO     | WS           | [WS] Démarrage de la boucle de diffusion (broadcast).
2026-05-23 22:40:43 | INFO     | OBD          | [OBD] Aucun port série USB physique (/dev/ttyUSB* ou /dev/ttyACM*) détecté. Recherche suspendue. Veuillez brancher l'adaptateur ELM327.
2026-05-23 22:40:43 | INFO     | OBD          | [OBD] Tentative de reconnexion dans 6s (essai #2)...
2026-05-23 22:40:49 | INFO     | OBD          | [OBD] Aucun port série USB physique (/dev/ttyUSB* ou /dev/ttyACM*) détecté. Recherche suspendue. Veuillez brancher l'adaptateur ELM327.
2026-05-23 22:40:49 | INFO     | OBD          | [OBD] Tentative de reconnexion dans 12s (essai #3)...
2026-05-23 22:40:49 | INFO     | TTS          | [TTS] Synthèse et lecture [Priorité 0] : Lancement réussi. Le diagnostic intelligent est opérationnel.
2026-05-23 22:41:01 | INFO     | OBD          | [OBD] Aucun port série USB physique (/dev/ttyUSB* ou /dev/ttyACM*) détecté. Recherche suspendue. Veuillez brancher l'adaptateur ELM327.
2026-05-23 22:41:01 | INFO     | OBD          | [OBD] Tentative de reconnexion dans 24s (essai #4)...
2026-05-23 22:41:25 | INFO     | OBD          | [OBD] Aucun port série USB physique (/dev/ttyUSB* ou /dev/ttyACM*) détecté. Recherche suspendue. Veuillez brancher l'adaptateur ELM327.
2026-05-23 22:41:25 | INFO     | OBD          | [OBD] Tentative de reconnexion dans 48s (essai #5)...
2026-05-23 22:41:30 | INFO     | SEDAI        | [SEDAI] Signal de terminaison reçu. Entame de la décroissance propre...
2026-05-23 22:41:30 | INFO     | OBD          | [OBD] Thread OBD arrêté proprement.
2026-05-23 22:41:30 | INFO     | MONITOR      | [MONITOR] Arrêt du thread de surveillance.
2026-05-23 22:41:30 | INFO     | VOICE        | [VOICE] Arrêt du thread de reconnaissance vocale.
2026-05-23 22:41:30 | INFO     | TTS          | [TTS] Arrêt du thread TTS.
2026-05-23 22:41:30 | INFO     | DIAGNOSTIC   | [DIAGNOSTIC] Arrêt du thread de diagnostic.
2026-05-23 22:41:30 | INFO     | SEDAI        | [SEDAI] Initiation aux process de fermeture...
2026-05-23 22:41:30 | INFO     | SEDAI        | [SEDAI] Extinction complète !
2026-05-23 22:41:33 | INFO     | SEDAI        | === Système de logging SEDAI initialisé ===
2026-05-23 22:41:33 | INFO     | SEDAI        | ==================================================
2026-05-23 22:41:33 | INFO     | SEDAI        |    SEDAI - Système Embarqué de Diagnostic Auto (v2.0)    
2026-05-23 22:41:33 | INFO     | SEDAI        | ==================================================
2026-05-23 22:41:33 | INFO     | SEDAI        | [SEDAI: 1/4] Vérification du modèle llama-cpp-python...
2026-05-23 22:41:33 | INFO     | STARTUP      | [STARTUP] Vérification du modèle llama.cpp...
2026-05-23 22:41:33 | INFO     | STARTUP      | [STARTUP] Modèle llama.cpp trouvé : /home/sedai/SEDAI/src/models/google_gemma-3-4b-it-Q5_K_M.gguf
2026-05-23 22:41:33 | INFO     | STARTUP      | [STARTUP] Sous-système IA initialisé avec succès.
2026-05-23 22:41:33 | INFO     | SEDAI        | [SEDAI] Chargement du modèle GGUF en mémoire (peut prendre jusqu'à 5 min)...
2026-05-23 22:42:08 | INFO     | SEDAI        | [SEDAI] Modèle chargé avec succès.
2026-05-23 22:42:08 | INFO     | SEDAI        | [SEDAI] Pré-chauffage du cache IA (Prefix Caching)...
2026-05-23 22:43:52 | INFO     | SEDAI        | [SEDAI] Cache initialisé. Système prêt pour une réactivité maximale.
2026-05-23 22:43:52 | INFO     | SEDAI        | [SEDAI: 2/4] Création du pipeline transactionnel...
2026-05-23 22:43:52 | INFO     | SEDAI        | [SEDAI: 3/4] Instanciation et couplage modulaire...
2026-05-23 22:43:52 | INFO     | MEMORY       | [MEMORY] Historique chargé : 2 échanges trouvés.
2026-05-23 22:43:52 | INFO     | TTS          | [TTS] Restauration du volume matériel sur la carte 0...
2026-05-23 22:43:52 | INFO     | VOICE        | [VOICE] Chargement du modèle ASR depuis /home/sedai/SEDAI/src/models/vosk/vosk-model-fr-0.6-linto-2.2.0...
2026-05-23 22:44:22 | INFO     | VOICE        | [VOICE] Modèle Vosk chargé avec succès.
2026-05-23 22:44:22 | INFO     | WS           | [WS] Carte audio USB détectée à l'index 0.
2026-05-23 22:44:22 | INFO     | SEDAI        | [SEDAI: 4/4] Top-départ de l'orchestrateur (Daemonisation)...
2026-05-23 22:44:22 | INFO     | TTS          | [TTS] Démarrage du thread de synthèse vocale.
2026-05-23 22:44:22 | INFO     | VOICE        | [VOICE] Démarrage du thread de reconnaissance vocale (Vosk Asynchrone).
2026-05-23 22:44:22 | INFO     | OBD          | [OBD] Démarrage du thread d'acquisition (time-slicing v2.1).
2026-05-23 22:44:22 | INFO     | MONITOR      | [MONITOR] Démarrage du thread de surveillance.
2026-05-23 22:44:22 | INFO     | DIAGNOSTIC   | [DIAGNOSTIC] Démarrage du thread de diagnostic IA.
2026-05-23 22:44:22 | INFO     | WS           | [WS] Serveur prêt sur 0.0.0.0:8765
2026-05-23 22:44:22 | INFO     | OBD          | [OBD] Tentative de reconnexion dans 3s (essai #1)...
2026-05-23 22:44:22 | INFO     | SEDAI        | [SEDAI] Système Opérationnel. Lancement autonome achevé à 100%.
2026-05-23 22:44:22 | INFO     | WS           | [WS] Démarrage de la boucle de diffusion (broadcast).
2026-05-23 22:44:25 | INFO     | OBD          | [OBD] Aucun port série USB physique (/dev/ttyUSB* ou /dev/ttyACM*) détecté. Recherche suspendue. Veuillez brancher l'adaptateur ELM327.
2026-05-23 22:44:25 | INFO     | OBD          | [OBD] Tentative de reconnexion dans 6s (essai #2)...
2026-05-23 22:44:31 | INFO     | OBD          | [OBD] Aucun port série USB physique (/dev/ttyUSB* ou /dev/ttyACM*) détecté. Recherche suspendue. Veuillez brancher l'adaptateur ELM327.
2026-05-23 22:44:31 | INFO     | OBD          | [OBD] Tentative de reconnexion dans 12s (essai #3)...
2026-05-23 22:44:31 | INFO     | TTS          | [TTS] Synthèse et lecture [Priorité 0] : SEDAI activé. Prêt à surveiller votre véhicule.
2026-05-23 22:44:43 | INFO     | OBD          | [OBD] Aucun port série USB physique (/dev/ttyUSB* ou /dev/ttyACM*) détecté. Recherche suspendue. Veuillez brancher l'adaptateur ELM327.
2026-05-23 22:44:43 | INFO     | OBD          | [OBD] Tentative de reconnexion dans 24s (essai #4)...
2026-05-23 22:44:47 | INFO     | SEDAI        | [SEDAI] Signal de terminaison reçu. Entame de la décroissance propre...
2026-05-23 22:44:47 | INFO     | OBD          | [OBD] Thread OBD arrêté proprement.
2026-05-23 22:44:47 | INFO     | MONITOR      | [MONITOR] Arrêt du thread de surveillance.
2026-05-23 22:44:47 | INFO     | VOICE        | [VOICE] Arrêt du thread de reconnaissance vocale.
2026-05-23 22:44:47 | INFO     | DIAGNOSTIC   | [DIAGNOSTIC] Arrêt du thread de diagnostic.
2026-05-23 22:44:47 | INFO     | SEDAI        | [SEDAI] Initiation aux process de fermeture...
2026-05-23 22:44:47 | INFO     | TTS          | [TTS] Arrêt du thread TTS.
2026-05-23 22:44:47 | INFO     | SEDAI        | [SEDAI] Extinction complète !
2026-05-23 22:44:53 | INFO     | SEDAI        | === Système de logging SEDAI initialisé ===
2026-05-23 22:44:53 | INFO     | SEDAI        | ==================================================
2026-05-23 22:44:53 | INFO     | SEDAI        |    SEDAI - Système Embarqué de Diagnostic Auto (v2.0)    
2026-05-23 22:44:53 | INFO     | SEDAI        | ==================================================
2026-05-23 22:44:53 | INFO     | SEDAI        | [SEDAI: 1/4] Vérification du modèle llama-cpp-python...
2026-05-23 22:44:53 | INFO     | STARTUP      | [STARTUP] Vérification du modèle llama.cpp...
2026-05-23 22:44:53 | INFO     | STARTUP      | [STARTUP] Modèle llama.cpp trouvé : /home/sedai/SEDAI/src/models/google_gemma-3-4b-it-Q5_K_M.gguf
2026-05-23 22:44:53 | INFO     | STARTUP      | [STARTUP] Sous-système IA initialisé avec succès.
2026-05-23 22:44:53 | INFO     | SEDAI        | [SEDAI] Chargement du modèle GGUF en mémoire (peut prendre jusqu'à 5 min)...
2026-05-23 22:45:32 | INFO     | SEDAI        | [SEDAI] Modèle chargé avec succès.
2026-05-23 22:45:32 | INFO     | SEDAI        | [SEDAI] Pré-chauffage du cache IA (Prefix Caching)...
2026-05-23 22:47:16 | INFO     | SEDAI        | [SEDAI] Cache initialisé. Système prêt pour une réactivité maximale.
2026-05-23 22:47:16 | INFO     | SEDAI        | [SEDAI: 2/4] Création du pipeline transactionnel...
2026-05-23 22:47:16 | INFO     | SEDAI        | [SEDAI: 3/4] Instanciation et couplage modulaire...
2026-05-23 22:47:16 | INFO     | MEMORY       | [MEMORY] Historique chargé : 2 échanges trouvés.
2026-05-23 22:47:16 | INFO     | TTS          | [TTS] Restauration du volume matériel sur la carte 0...
2026-05-23 22:47:16 | INFO     | VOICE        | [VOICE] Chargement du modèle ASR depuis /home/sedai/SEDAI/src/models/vosk/vosk-model-fr-0.6-linto-2.2.0...
2026-05-23 22:47:46 | INFO     | VOICE        | [VOICE] Modèle Vosk chargé avec succès.
2026-05-23 22:47:47 | INFO     | WS           | [WS] Carte audio USB détectée à l'index 0.
2026-05-23 22:47:47 | INFO     | SEDAI        | [SEDAI: 4/4] Top-départ de l'orchestrateur (Daemonisation)...
2026-05-23 22:47:47 | INFO     | TTS          | [TTS] Démarrage du thread de synthèse vocale.
2026-05-23 22:47:47 | INFO     | VOICE        | [VOICE] Démarrage du thread de reconnaissance vocale (Vosk Asynchrone).
2026-05-23 22:47:47 | INFO     | OBD          | [OBD] Démarrage du thread d'acquisition (time-slicing v2.1).
2026-05-23 22:47:47 | INFO     | MONITOR      | [MONITOR] Démarrage du thread de surveillance.
2026-05-23 22:47:47 | INFO     | DIAGNOSTIC   | [DIAGNOSTIC] Démarrage du thread de diagnostic IA.
2026-05-23 22:47:47 | INFO     | WS           | [WS] Serveur prêt sur 0.0.0.0:8765
2026-05-23 22:47:47 | INFO     | OBD          | [OBD] Tentative de reconnexion dans 3s (essai #1)...
2026-05-23 22:47:47 | INFO     | SEDAI        | [SEDAI] Système Opérationnel. Lancement autonome achevé à 100%.
2026-05-23 22:47:47 | INFO     | WS           | [WS] Démarrage de la boucle de diffusion (broadcast).
2026-05-23 22:47:50 | INFO     | OBD          | [OBD] Aucun port série USB physique (/dev/ttyUSB* ou /dev/ttyACM*) détecté. Recherche suspendue. Veuillez brancher l'adaptateur ELM327.
2026-05-23 22:47:50 | INFO     | OBD          | [OBD] Tentative de reconnexion dans 6s (essai #2)...
2026-05-23 22:47:56 | INFO     | OBD          | [OBD] Aucun port série USB physique (/dev/ttyUSB* ou /dev/ttyACM*) détecté. Recherche suspendue. Veuillez brancher l'adaptateur ELM327.
2026-05-23 22:47:56 | INFO     | OBD          | [OBD] Tentative de reconnexion dans 12s (essai #3)...
2026-05-23 22:47:56 | INFO     | TTS          | [TTS] Synthèse et lecture [Priorité 0] : Lancement réussi. Le diagnostic intelligent est opérationnel.
2026-05-23 22:48:08 | INFO     | OBD          | [OBD] Aucun port série USB physique (/dev/ttyUSB* ou /dev/ttyACM*) détecté. Recherche suspendue. Veuillez brancher l'adaptateur ELM327.
2026-05-23 22:48:08 | INFO     | OBD          | [OBD] Tentative de reconnexion dans 24s (essai #4)...
2026-05-23 22:48:32 | INFO     | OBD          | [OBD] Aucun port série USB physique (/dev/ttyUSB* ou /dev/ttyACM*) détecté. Recherche suspendue. Veuillez brancher l'adaptateur ELM327.
2026-05-23 22:48:32 | INFO     | OBD          | [OBD] Tentative de reconnexion dans 48s (essai #5)...
2026-05-23 22:48:39 | INFO     | SEDAI        | [SEDAI] Signal de terminaison reçu. Entame de la décroissance propre...
2026-05-23 22:48:39 | INFO     | OBD          | [OBD] Thread OBD arrêté proprement.
2026-05-23 22:48:39 | INFO     | MONITOR      | [MONITOR] Arrêt du thread de surveillance.
2026-05-23 22:48:39 | INFO     | VOICE        | [VOICE] Arrêt du thread de reconnaissance vocale.
2026-05-23 22:48:40 | INFO     | TTS          | [TTS] Arrêt du thread TTS.
2026-05-23 22:48:40 | INFO     | DIAGNOSTIC   | [DIAGNOSTIC] Arrêt du thread de diagnostic.
2026-05-23 22:48:40 | INFO     | SEDAI        | [SEDAI] Initiation aux process de fermeture...
2026-05-23 22:48:40 | INFO     | SEDAI        | [SEDAI] Extinction complète !
2026-05-23 22:48:43 | INFO     | SEDAI        | === Système de logging SEDAI initialisé ===
2026-05-23 22:48:43 | INFO     | SEDAI        | ==================================================
2026-05-23 22:48:43 | INFO     | SEDAI        |    SEDAI - Système Embarqué de Diagnostic Auto (v2.0)    
2026-05-23 22:48:43 | INFO     | SEDAI        | ==================================================
2026-05-23 22:48:43 | INFO     | SEDAI        | [SEDAI: 1/4] Vérification du modèle llama-cpp-python...
2026-05-23 22:48:43 | INFO     | STARTUP      | [STARTUP] Vérification du modèle llama.cpp...
2026-05-23 22:48:43 | INFO     | STARTUP      | [STARTUP] Modèle llama.cpp trouvé : /home/sedai/SEDAI/src/models/google_gemma-3-4b-it-Q5_K_M.gguf
2026-05-23 22:48:43 | INFO     | STARTUP      | [STARTUP] Sous-système IA initialisé avec succès.
2026-05-23 22:48:43 | INFO     | SEDAI        | [SEDAI] Chargement du modèle GGUF en mémoire (peut prendre jusqu'à 5 min)...
2026-05-23 22:49:27 | INFO     | SEDAI        | [SEDAI] Modèle chargé avec succès.
2026-05-23 22:49:27 | INFO     | SEDAI        | [SEDAI] Pré-chauffage du cache IA (Prefix Caching)...
2026-05-23 22:51:13 | INFO     | SEDAI        | [SEDAI] Cache initialisé. Système prêt pour une réactivité maximale.
2026-05-23 22:51:13 | INFO     | SEDAI        | [SEDAI: 2/4] Création du pipeline transactionnel...
2026-05-23 22:51:13 | INFO     | SEDAI        | [SEDAI: 3/4] Instanciation et couplage modulaire...
2026-05-23 22:51:13 | INFO     | MEMORY       | [MEMORY] Historique chargé : 2 échanges trouvés.
2026-05-23 22:51:13 | INFO     | TTS          | [TTS] Restauration du volume matériel sur la carte 0...
2026-05-23 22:51:13 | INFO     | VOICE        | [VOICE] Chargement du modèle ASR depuis /home/sedai/SEDAI/src/models/vosk/vosk-model-fr-0.6-linto-2.2.0...
2026-05-23 22:51:44 | INFO     | VOICE        | [VOICE] Modèle Vosk chargé avec succès.
2026-05-23 22:51:44 | INFO     | WS           | [WS] Carte audio USB détectée à l'index 0.
2026-05-23 22:51:44 | INFO     | SEDAI        | [SEDAI: 4/4] Top-départ de l'orchestrateur (Daemonisation)...
2026-05-23 22:51:44 | INFO     | TTS          | [TTS] Démarrage du thread de synthèse vocale.
2026-05-23 22:51:44 | INFO     | VOICE        | [VOICE] Démarrage du thread de reconnaissance vocale (Vosk Asynchrone).
2026-05-23 22:51:44 | INFO     | OBD          | [OBD] Démarrage du thread d'acquisition (time-slicing v2.1).
2026-05-23 22:51:44 | INFO     | MONITOR      | [MONITOR] Démarrage du thread de surveillance.
2026-05-23 22:51:44 | INFO     | DIAGNOSTIC   | [DIAGNOSTIC] Démarrage du thread de diagnostic IA.
2026-05-23 22:51:44 | INFO     | WS           | [WS] Serveur prêt sur 0.0.0.0:8765
2026-05-23 22:51:44 | INFO     | SEDAI        | [SEDAI] Système Opérationnel. Lancement autonome achevé à 100%.
2026-05-23 22:51:44 | INFO     | OBD          | [OBD] Tentative de reconnexion dans 3s (essai #1)...
2026-05-23 22:51:44 | INFO     | WS           | [WS] Démarrage de la boucle de diffusion (broadcast).
2026-05-23 22:51:47 | INFO     | OBD          | [OBD] Aucun port série USB physique (/dev/ttyUSB* ou /dev/ttyACM*) détecté. Recherche suspendue. Veuillez brancher l'adaptateur ELM327.
2026-05-23 22:51:47 | INFO     | OBD          | [OBD] Tentative de reconnexion dans 6s (essai #2)...
2026-05-23 22:51:53 | INFO     | OBD          | [OBD] Aucun port série USB physique (/dev/ttyUSB* ou /dev/ttyACM*) détecté. Recherche suspendue. Veuillez brancher l'adaptateur ELM327.
2026-05-23 22:51:53 | INFO     | OBD          | [OBD] Tentative de reconnexion dans 12s (essai #3)...
2026-05-23 22:51:53 | INFO     | TTS          | [TTS] Synthèse et lecture [Priorité 0] : Initialisation terminée. Système embarqué opérationnel.
                                                                                                                                                                                                                                                                                                                                                                                                                                                                                                                                                                                                                                                                                                                                                                                                                                                                                                                                                                                                                                                                       2026-05-24 07:25:25 | INFO     | SEDAI        | === Système de logging SEDAI initialisé ===
2026-05-24 07:25:25 | INFO     | SEDAI        | ==================================================
2026-05-24 07:25:25 | INFO     | SEDAI        |    SEDAI - Système Embarqué de Diagnostic Auto (v2.0)    
2026-05-24 07:25:25 | INFO     | SEDAI        | ==================================================
2026-05-24 07:25:25 | INFO     | SEDAI        | [SEDAI: 1/4] Vérification du modèle llama-cpp-python...
2026-05-24 07:25:25 | INFO     | STARTUP      | [STARTUP] Vérification du modèle llama.cpp...
2026-05-24 07:25:25 | INFO     | STARTUP      | [STARTUP] Modèle llama.cpp trouvé : /home/sedai/SEDAI/src/models/google_gemma-3-4b-it-Q5_K_M.gguf
2026-05-24 07:25:25 | INFO     | STARTUP      | [STARTUP] Sous-système IA initialisé avec succès.
2026-05-24 07:25:25 | INFO     | SEDAI        | [SEDAI] Chargement du modèle GGUF en mémoire (peut prendre jusqu'à 5 min)...
2026-05-24 07:26:18 | INFO     | SEDAI        | [SEDAI] Modèle chargé avec succès.
2026-05-24 07:26:18 | INFO     | SEDAI        | [SEDAI] Pré-chauffage du cache IA (Prefix Caching)...
2026-05-24 07:27:49 | INFO     | SEDAI        | [SEDAI] Cache initialisé. Système prêt pour une réactivité maximale.
2026-05-24 07:27:49 | INFO     | SEDAI        | [SEDAI: 2/4] Création du pipeline transactionnel...
2026-05-24 07:27:49 | INFO     | SEDAI        | [SEDAI: 3/4] Instanciation et couplage modulaire...
2026-05-24 07:27:49 | INFO     | MEMORY       | [MEMORY] Historique chargé : 2 échanges trouvés.
2026-05-24 07:27:49 | INFO     | TTS          | [TTS] Restauration du volume matériel sur la carte 2...
2026-05-24 07:27:49 | INFO     | VOICE        | [VOICE] Chargement du modèle ASR depuis /home/sedai/SEDAI/src/models/vosk/vosk-model-fr-0.6-linto-2.2.0...
2026-05-24 07:28:20 | INFO     | VOICE        | [VOICE] Modèle Vosk chargé avec succès.
2026-05-24 07:28:20 | INFO     | WS           | [WS] Carte audio USB détectée à l'index 2.
2026-05-24 07:28:20 | INFO     | SEDAI        | [SEDAI: 4/4] Top-départ de l'orchestrateur (Daemonisation)...
2026-05-24 07:28:20 | INFO     | TTS          | [TTS] Démarrage du thread de synthèse vocale.
2026-05-24 07:28:20 | INFO     | VOICE        | [VOICE] Démarrage du thread de reconnaissance vocale (Vosk Asynchrone).
2026-05-24 07:28:20 | INFO     | OBD          | [OBD] Démarrage du thread d'acquisition (time-slicing v2.1).
2026-05-24 07:28:20 | INFO     | MONITOR      | [MONITOR] Démarrage du thread de surveillance.
2026-05-24 07:28:20 | INFO     | DIAGNOSTIC   | [DIAGNOSTIC] Démarrage du thread de diagnostic IA.
2026-05-24 07:28:20 | INFO     | WS           | [WS] Serveur prêt sur 0.0.0.0:8765
2026-05-24 07:28:20 | INFO     | OBD          | [OBD] Tentative de reconnexion dans 3s (essai #1)...
2026-05-24 07:28:20 | INFO     | SEDAI        | [SEDAI] Système Opérationnel. Lancement autonome achevé à 100%.
2026-05-24 07:28:20 | INFO     | WS           | [WS] Démarrage de la boucle de diffusion (broadcast).
2026-05-24 07:28:23 | INFO     | OBD          | [OBD] Aucun port série USB physique (/dev/ttyUSB* ou /dev/ttyACM*) détecté. Recherche suspendue. Veuillez brancher l'adaptateur ELM327.
2026-05-24 07:28:23 | INFO     | OBD          | [OBD] Tentative de reconnexion dans 6s (essai #2)...
2026-05-24 07:28:29 | INFO     | OBD          | [OBD] Aucun port série USB physique (/dev/ttyUSB* ou /dev/ttyACM*) détecté. Recherche suspendue. Veuillez brancher l'adaptateur ELM327.
2026-05-24 07:28:29 | INFO     | OBD          | [OBD] Tentative de reconnexion dans 12s (essai #3)...
2026-05-24 07:28:30 | INFO     | TTS          | [TTS] Synthèse et lecture [Priorité 0] : Initialisation terminée. Système embarqué opérationnel.
2026-05-24 07:28:41 | INFO     | OBD          | [OBD] Aucun port série USB physique (/dev/ttyUSB* ou /dev/ttyACM*) détecté. Recherche suspendue. Veuillez brancher l'adaptateur ELM327.
2026-05-24 07:28:41 | INFO     | OBD          | [OBD] Tentative de reconnexion dans 24s (essai #4)...
2026-05-24 07:28:48 | INFO     | SEDAI        | [SEDAI] Signal de terminaison reçu. Entame de la décroissance propre...
2026-05-24 07:28:48 | INFO     | MONITOR      | [MONITOR] Arrêt du thread de surveillance.
2026-05-24 07:28:48 | INFO     | OBD          | [OBD] Thread OBD arrêté proprement.
2026-05-24 07:28:48 | INFO     | VOICE        | [VOICE] Arrêt du thread de reconnaissance vocale.
2026-05-24 07:28:48 | INFO     | TTS          | [TTS] Arrêt du thread TTS.
2026-05-24 07:28:48 | INFO     | DIAGNOSTIC   | [DIAGNOSTIC] Arrêt du thread de diagnostic.
2026-05-24 07:28:49 | INFO     | SEDAI        | [SEDAI] Initiation aux process de fermeture...
2026-05-24 07:28:49 | INFO     | SEDAI        | [SEDAI] Extinction complète !
2026-05-24 08:25:34 | INFO     | SEDAI        | === Système de logging SEDAI initialisé ===
2026-05-24 08:25:34 | INFO     | SEDAI        | ==================================================
2026-05-24 08:25:34 | INFO     | SEDAI        |    SEDAI - Système Embarqué de Diagnostic Auto (v2.0)    
2026-05-24 08:25:34 | INFO     | SEDAI        | ==================================================
2026-05-24 08:25:34 | INFO     | SEDAI        | [SEDAI: 1/4] Vérification du modèle llama-cpp-python...
2026-05-24 08:25:34 | INFO     | STARTUP      | [STARTUP] Vérification du modèle llama.cpp...
2026-05-24 08:25:34 | INFO     | STARTUP      | [STARTUP] Modèle llama.cpp trouvé : /home/sedai/SEDAI/src/models/google_gemma-3-4b-it-Q5_K_M.gguf
2026-05-24 08:25:34 | INFO     | STARTUP      | [STARTUP] Sous-système IA initialisé avec succès.
2026-05-24 08:25:34 | INFO     | SEDAI        | [SEDAI] Chargement du modèle GGUF en mémoire (peut prendre jusqu'à 5 min)...
2026-05-24 08:26:27 | INFO     | SEDAI        | [SEDAI] Modèle chargé avec succès.
2026-05-24 08:26:27 | INFO     | SEDAI        | [SEDAI] Pré-chauffage du cache IA (Prefix Caching)...
2026-05-24 08:27:57 | INFO     | SEDAI        | [SEDAI] Cache initialisé. Système prêt pour une réactivité maximale.
2026-05-24 08:27:57 | INFO     | SEDAI        | [SEDAI: 2/4] Création du pipeline transactionnel...
2026-05-24 08:27:57 | INFO     | SEDAI        | [SEDAI: 3/4] Instanciation et couplage modulaire...
2026-05-24 08:27:57 | INFO     | MEMORY       | [MEMORY] Historique chargé : 2 échanges trouvés.
2026-05-24 08:27:58 | INFO     | TTS          | [TTS] Restauration du volume matériel sur la carte 0...
2026-05-24 08:27:58 | INFO     | VOICE        | [VOICE] Chargement du modèle ASR depuis /home/sedai/SEDAI/src/models/vosk/vosk-model-fr-0.6-linto-2.2.0...
2026-05-24 08:28:30 | INFO     | VOICE        | [VOICE] Modèle Vosk chargé avec succès.
2026-05-24 08:28:30 | INFO     | WS           | [WS] Carte audio USB détectée à l'index 0.
2026-05-24 08:28:30 | INFO     | SEDAI        | [SEDAI: 4/4] Top-départ de l'orchestrateur (Daemonisation)...
2026-05-24 08:28:30 | INFO     | TTS          | [TTS] Démarrage du thread de synthèse vocale.
2026-05-24 08:28:30 | INFO     | VOICE        | [VOICE] Démarrage du thread de reconnaissance vocale (Vosk Asynchrone).
2026-05-24 08:28:30 | INFO     | OBD          | [OBD] Démarrage du thread d'acquisition (time-slicing v2.1).
2026-05-24 08:28:30 | INFO     | MONITOR      | [MONITOR] Démarrage du thread de surveillance.
2026-05-24 08:28:30 | INFO     | DIAGNOSTIC   | [DIAGNOSTIC] Démarrage du thread de diagnostic IA.
2026-05-24 08:28:30 | INFO     | WS           | [WS] Serveur prêt sur 0.0.0.0:8765
2026-05-24 08:28:30 | INFO     | OBD          | [OBD] Tentative de reconnexion dans 3s (essai #1)...
2026-05-24 08:28:30 | INFO     | SEDAI        | [SEDAI] Système Opérationnel. Lancement autonome achevé à 100%.
2026-05-24 08:28:30 | INFO     | WS           | [WS] Démarrage de la boucle de diffusion (broadcast).
2026-05-24 08:28:30 | INFO     | WS           | [WS] Client connecté : ('192.168.4.161', 63301)
2026-05-24 08:28:30 | INFO     | WS           | [WS] Véhicule configuré : TOYOTA COROLLA
2026-05-24 08:28:31 | INFO     | WS           | [WS] Client connecté : ('192.168.4.115', 37352)
2026-05-24 08:28:31 | INFO     | WS           | [WS] Véhicule configuré : HYUNDAI TUCSON
2026-05-24 08:28:33 | INFO     | OBD          | [OBD] Tentative de connexion sur /dev/ttyUSB0 (baudrate=38400, fast=False, timeout=15s)...
2026-05-24 08:28:34 | INFO     | OBD          | [OBD] Présence matérielle de l'ELM327 confirmée sur /dev/ttyUSB0.
2026-05-24 08:28:34 | INFO     | OBD          | [OBD] Essai de connexion sur /dev/ttyUSB0 avec protocole : Auto-détection
2026-05-24 08:28:34 | INFO     | obd.obd      | ======================= python-OBD (v0.7.3) =======================
2026-05-24 08:28:34 | INFO     | obd.obd      | Explicit port defined
2026-05-24 08:28:34 | INFO     | obd.elm327   | Initializing ELM327: PORT=/dev/ttyUSB0 BAUD=38400 PROTOCOL=auto
2026-05-24 08:28:39 | INFO     | TTS          | [TTS] Synthèse et lecture [Priorité 0] : Initialisation terminée. Système embarqué opérationnel.
2026-05-24 08:28:39 | ERROR    | obd.elm327   | Failed to query protocol 0100: unable to connect
2026-05-24 08:28:39 | ERROR    | obd.elm327   | Connected to the adapter, but failed to connect to the vehicle
2026-05-24 08:28:39 | WARNING  | obd.obd      | Cannot load commands: No connection to car
2026-05-24 08:28:39 | INFO     | obd.obd      | ===================================================================
2026-05-24 08:28:39 | INFO     | OBD          | [OBD] Adaptateur ELM327 détecté sur /dev/ttyUSB0, mais véhicule hors contact (statut : ELM Connected)
2026-05-24 08:28:39 | INFO     | OBD          | [OBD] Interface sur /dev/ttyUSB0 : ELM327 détecté — véhicule hors contact (MAR/ACC requis). Stabilisation 3.0s...
2026-05-24 08:28:42 | INFO     | obd.obd      | Sending command: b'ATRV': Voltage detected by OBD-II adapter
2026-05-24 08:28:42 | INFO     | OBD          | [OBD] Tension batterie : 12.9 V
2026-05-24 08:28:42 | INFO     | OBD.Safety   | [Safety] PID health tracker réinitialisé (reconnexion).
2026-05-24 08:28:42 | INFO     | OBD          | [OBD] Connexion établie sur /dev/ttyUSB0 — statut : en attente contact.
2026-05-24 08:28:42 | INFO     | obd.obd      | Sending command: b'010C': Engine RPM
2026-05-24 08:28:46 | INFO     | obd.OBDCommand | b'010C': Engine RPM did not receive any acceptable messages
2026-05-24 08:28:46 | INFO     | obd.obd      | Sending command: b'0105': Engine Coolant Temperature
2026-05-24 08:28:49 | INFO     | obd.OBDCommand | b'0105': Engine Coolant Temperature did not receive any acceptable messages
2026-05-24 08:28:50 | INFO     | obd.obd      | Sending command: b'0142': Control module voltage
2026-05-24 08:28:53 | INFO     | obd.OBDCommand | b'0142': Control module voltage did not receive any acceptable messages
2026-05-24 08:28:53 | WARNING  | OBD          | [OBD] Budget latence CAN dépassé (> 4000ms). Fin anticipée du cycle.
2026-05-24 08:28:53 | INFO     | obd.obd      | Sending command: b'03': Get DTCs
2026-05-24 08:28:56 | INFO     | obd.obd      | Sending command: b'07': Get DTCs from the current/last driving cycle
2026-05-24 08:29:00 | WARNING  | obd.obd      | 'b'0A': Get permanent DTCs' is not supported
2026-05-24 08:29:00 | INFO     | OBD          | [OBD] Bilan DTCs — Aucun code défaut détecté (véhicule sain).
2026-05-24 08:29:01 | INFO     | obd.obd      | Sending command: b'010C': Engine RPM
2026-05-24 08:29:05 | INFO     | obd.OBDCommand | b'010C': Engine RPM did not receive any acceptable messages
2026-05-24 08:29:05 | INFO     | obd.obd      | Sending command: b'0105': Engine Coolant Temperature
2026-05-24 08:29:08 | INFO     | obd.OBDCommand | b'0105': Engine Coolant Temperature did not receive any acceptable messages
2026-05-24 08:29:08 | INFO     | obd.obd      | Sending command: b'0142': Control module voltage
2026-05-24 08:29:12 | INFO     | obd.OBDCommand | b'0142': Control module voltage did not receive any acceptable messages
2026-05-24 08:29:13 | INFO     | obd.obd      | Sending command: b'010C': Engine RPM
2026-05-24 08:29:17 | INFO     | obd.OBDCommand | b'010C': Engine RPM did not receive any acceptable messages
2026-05-24 08:29:17 | WARNING  | OBD.Safety   | [Safety] PID 'RPM' désactivé après 3 échecs consécutifs (non supporté ou timeout).
2026-05-24 08:29:17 | INFO     | obd.obd      | Sending command: b'0105': Engine Coolant Temperature
2026-05-24 08:29:20 | INFO     | obd.OBDCommand | b'0105': Engine Coolant Temperature did not receive any acceptable messages
2026-05-24 08:29:20 | WARNING  | OBD.Safety   | [Safety] PID 'COOLANT_TEMP' désactivé après 3 échecs consécutifs (non supporté ou timeout).
2026-05-24 08:29:21 | INFO     | obd.obd      | Sending command: b'0142': Control module voltage
2026-05-24 08:29:24 | INFO     | obd.OBDCommand | b'0142': Control module voltage did not receive any acceptable messages
2026-05-24 08:29:24 | WARNING  | OBD.Safety   | [Safety] PID 'CONTROL_MODULE_VOLTAGE' désactivé après 3 échecs consécutifs (non supporté ou timeout).
2026-05-24 08:29:25 | INFO     | obd.obd      | Sending command: b'010D': Vehicle Speed
2026-05-24 08:29:29 | INFO     | obd.OBDCommand | b'010D': Vehicle Speed did not receive any acceptable messages
2026-05-24 08:29:29 | INFO     | obd.obd      | Sending command: b'0104': Calculated Engine Load
2026-05-24 08:29:32 | INFO     | obd.OBDCommand | b'0104': Calculated Engine Load did not receive any acceptable messages
2026-05-24 08:29:32 | WARNING  | OBD          | [OBD] Budget latence CAN dépassé (> 4000ms). Fin anticipée du cycle.
2026-05-24 08:29:34 | ERROR    | OBD.Safety   | [Safety] Freeze ELM327 détecté : aucune réponse depuis 52s (seuil=45.0s). Reconnexion requise.
2026-05-24 08:29:34 | WARNING  | OBD          | [OBD] Watchdog déclenché — ELM327 potentiellement gelé. Forçage de la reconnexion.
2026-05-24 08:29:34 | INFO     | obd.obd      | Closing connection
2026-05-24 08:29:34 | INFO     | obd.elm327   | closing port
2026-05-24 08:29:34 | INFO     | OBD          | [OBD] Tentative de reconnexion dans 3s (essai #1)...
2026-05-24 08:29:37 | INFO     | OBD          | [OBD] Tentative de connexion sur /dev/ttyUSB0 (baudrate=38400, fast=False, timeout=15s)...
2026-05-24 08:29:38 | INFO     | OBD          | [OBD] Présence matérielle de l'ELM327 confirmée sur /dev/ttyUSB0.
2026-05-24 08:29:38 | INFO     | OBD          | [OBD] Essai de connexion sur /dev/ttyUSB0 avec protocole : Auto-détection
2026-05-24 08:29:38 | INFO     | obd.obd      | ======================= python-OBD (v0.7.3) =======================
2026-05-24 08:29:38 | INFO     | obd.obd      | Explicit port defined
2026-05-24 08:29:38 | INFO     | obd.elm327   | Initializing ELM327: PORT=/dev/ttyUSB0 BAUD=38400 PROTOCOL=auto
2026-05-24 08:29:44 | ERROR    | obd.elm327   | Failed to query protocol 0100: unable to connect
2026-05-24 08:29:44 | ERROR    | obd.elm327   | Connected to the adapter, but failed to connect to the vehicle
2026-05-24 08:29:44 | WARNING  | obd.obd      | Cannot load commands: No connection to car
2026-05-24 08:29:44 | INFO     | obd.obd      | ===================================================================
2026-05-24 08:29:44 | INFO     | OBD          | [OBD] Adaptateur ELM327 détecté sur /dev/ttyUSB0, mais véhicule hors contact (statut : ELM Connected)
2026-05-24 08:29:44 | INFO     | OBD          | [OBD] Interface sur /dev/ttyUSB0 : ELM327 détecté — véhicule hors contact (MAR/ACC requis). Stabilisation 3.0s...
2026-05-24 08:29:47 | INFO     | obd.obd      | Sending command: b'ATRV': Voltage detected by OBD-II adapter
2026-05-24 08:29:47 | INFO     | OBD          | [OBD] Tension batterie : 14.5 V
2026-05-24 08:29:47 | INFO     | OBD.Safety   | [Safety] PID health tracker réinitialisé (reconnexion).
2026-05-24 08:29:47 | INFO     | OBD          | [OBD] Connexion établie sur /dev/ttyUSB0 — statut : en attente contact.
2026-05-24 08:29:47 | INFO     | obd.obd      | Sending command: b'010C': Engine RPM
2026-05-24 08:29:50 | INFO     | obd.OBDCommand | b'010C': Engine RPM did not receive any acceptable messages
2026-05-24 08:29:50 | INFO     | obd.obd      | Sending command: b'0105': Engine Coolant Temperature
2026-05-24 08:29:54 | INFO     | obd.OBDCommand | b'0105': Engine Coolant Temperature did not receive any acceptable messages
2026-05-24 08:29:54 | INFO     | obd.obd      | Sending command: b'0142': Control module voltage
2026-05-24 08:29:57 | INFO     | obd.OBDCommand | b'0142': Control module voltage did not receive any acceptable messages
2026-05-24 08:29:57 | WARNING  | OBD          | [OBD] Budget latence CAN dépassé (> 4000ms). Fin anticipée du cycle.
2026-05-24 08:29:57 | INFO     | obd.obd      | Sending command: b'03': Get DTCs
2026-05-24 08:30:01 | INFO     | obd.obd      | Sending command: b'07': Get DTCs from the current/last driving cycle
2026-05-24 08:30:04 | WARNING  | obd.obd      | 'b'0A': Get permanent DTCs' is not supported
2026-05-24 08:30:04 | INFO     | OBD          | [OBD] Bilan DTCs — Aucun code défaut détecté (véhicule sain).
2026-05-24 08:30:05 | INFO     | obd.obd      | Sending command: b'010C': Engine RPM
2026-05-24 08:30:09 | INFO     | obd.OBDCommand | b'010C': Engine RPM did not receive any acceptable messages
2026-05-24 08:30:09 | INFO     | obd.obd      | Sending command: b'0105': Engine Coolant Temperature
2026-05-24 08:30:12 | INFO     | obd.OBDCommand | b'0105': Engine Coolant Temperature did not receive any acceptable messages
2026-05-24 08:30:13 | INFO     | obd.obd      | Sending command: b'0142': Control module voltage
2026-05-24 08:30:16 | INFO     | obd.OBDCommand | b'0142': Control module voltage did not receive any acceptable messages
2026-05-24 08:30:18 | INFO     | obd.obd      | Sending command: b'010C': Engine RPM
2026-05-24 08:30:21 | INFO     | obd.OBDCommand | b'010C': Engine RPM did not receive any acceptable messages
2026-05-24 08:30:21 | WARNING  | OBD.Safety   | [Safety] PID 'RPM' désactivé après 3 échecs consécutifs (non supporté ou timeout).
2026-05-24 08:30:21 | INFO     | obd.obd      | Sending command: b'0105': Engine Coolant Temperature
2026-05-24 08:30:25 | INFO     | obd.OBDCommand | b'0105': Engine Coolant Temperature did not receive any acceptable messages
2026-05-24 08:30:25 | WARNING  | OBD.Safety   | [Safety] PID 'COOLANT_TEMP' désactivé après 3 échecs consécutifs (non supporté ou timeout).
2026-05-24 08:30:25 | INFO     | obd.obd      | Sending command: b'0142': Control module voltage
2026-05-24 08:30:28 | INFO     | obd.OBDCommand | b'0142': Control module voltage did not receive any acceptable messages
2026-05-24 08:30:28 | WARNING  | OBD.Safety   | [Safety] PID 'CONTROL_MODULE_VOLTAGE' désactivé après 3 échecs consécutifs (non supporté ou timeout).
2026-05-24 08:30:30 | INFO     | obd.obd      | Sending command: b'010D': Vehicle Speed
2026-05-24 08:30:33 | INFO     | obd.OBDCommand | b'010D': Vehicle Speed did not receive any acceptable messages
2026-05-24 08:30:33 | INFO     | obd.obd      | Sending command: b'0104': Calculated Engine Load
2026-05-24 08:30:37 | INFO     | obd.OBDCommand | b'0104': Calculated Engine Load did not receive any acceptable messages
2026-05-24 08:30:37 | WARNING  | OBD          | [OBD] Budget latence CAN dépassé (> 4000ms). Fin anticipée du cycle.
2026-05-24 08:30:38 | ERROR    | OBD.Safety   | [Safety] Freeze ELM327 détecté : aucune réponse depuis 52s (seuil=45.0s). Reconnexion requise.
2026-05-24 08:30:38 | WARNING  | OBD          | [OBD] Watchdog déclenché — ELM327 potentiellement gelé. Forçage de la reconnexion.
2026-05-24 08:30:38 | INFO     | obd.obd      | Closing connection
2026-05-24 08:30:38 | INFO     | obd.elm327   | closing port
2026-05-24 08:30:38 | INFO     | OBD          | [OBD] Tentative de reconnexion dans 3s (essai #1)...
2026-05-24 08:30:41 | INFO     | OBD          | [OBD] Tentative de connexion sur /dev/ttyUSB0 (baudrate=38400, fast=False, timeout=15s)...
2026-05-24 08:30:42 | INFO     | OBD          | [OBD] Présence matérielle de l'ELM327 confirmée sur /dev/ttyUSB0.
2026-05-24 08:30:42 | INFO     | OBD          | [OBD] Essai de connexion sur /dev/ttyUSB0 avec protocole : Auto-détection
2026-05-24 08:30:42 | INFO     | obd.obd      | ======================= python-OBD (v0.7.3) =======================
2026-05-24 08:30:42 | INFO     | obd.obd      | Explicit port defined
2026-05-24 08:30:42 | INFO     | obd.elm327   | Initializing ELM327: PORT=/dev/ttyUSB0 BAUD=38400 PROTOCOL=auto
2026-05-24 08:30:48 | ERROR    | obd.elm327   | Failed to query protocol 0100: unable to connect
2026-05-24 08:30:48 | ERROR    | obd.elm327   | Connected to the adapter, but failed to connect to the vehicle
2026-05-24 08:30:48 | WARNING  | obd.obd      | Cannot load commands: No connection to car
2026-05-24 08:30:48 | INFO     | obd.obd      | ===================================================================
2026-05-24 08:30:48 | INFO     | OBD          | [OBD] Adaptateur ELM327 détecté sur /dev/ttyUSB0, mais véhicule hors contact (statut : ELM Connected)
2026-05-24 08:30:48 | INFO     | OBD          | [OBD] Interface sur /dev/ttyUSB0 : ELM327 détecté — véhicule hors contact (MAR/ACC requis). Stabilisation 3.0s...
2026-05-24 08:30:51 | INFO     | obd.obd      | Sending command: b'ATRV': Voltage detected by OBD-II adapter
2026-05-24 08:30:51 | INFO     | OBD          | [OBD] Tension batterie : 14.3 V
2026-05-24 08:30:51 | INFO     | OBD.Safety   | [Safety] PID health tracker réinitialisé (reconnexion).
2026-05-24 08:30:51 | INFO     | OBD          | [OBD] Connexion établie sur /dev/ttyUSB0 — statut : en attente contact.
2026-05-24 08:30:51 | INFO     | obd.obd      | Sending command: b'010C': Engine RPM
2026-05-24 08:30:54 | INFO     | obd.OBDCommand | b'010C': Engine RPM did not receive any acceptable messages
2026-05-24 08:30:54 | INFO     | obd.obd      | Sending command: b'0105': Engine Coolant Temperature
2026-05-24 08:30:58 | INFO     | obd.OBDCommand | b'0105': Engine Coolant Temperature did not receive any acceptable messages
2026-05-24 08:30:58 | INFO     | obd.obd      | Sending command: b'0142': Control module voltage
2026-05-24 08:31:01 | INFO     | obd.OBDCommand | b'0142': Control module voltage did not receive any acceptable messages
2026-05-24 08:31:01 | WARNING  | OBD          | [OBD] Budget latence CAN dépassé (> 4000ms). Fin anticipée du cycle.
2026-05-24 08:31:01 | INFO     | obd.obd      | Sending command: b'03': Get DTCs
2026-05-24 08:31:05 | INFO     | obd.obd      | Sending command: b'07': Get DTCs from the current/last driving cycle
2026-05-24 08:31:08 | WARNING  | obd.obd      | 'b'0A': Get permanent DTCs' is not supported
2026-05-24 08:31:08 | INFO     | OBD          | [OBD] Bilan DTCs — Aucun code défaut détecté (véhicule sain).
2026-05-24 08:31:10 | INFO     | obd.obd      | Sending command: b'010C': Engine RPM
2026-05-24 08:31:13 | INFO     | obd.OBDCommand | b'010C': Engine RPM did not receive any acceptable messages
2026-05-24 08:31:13 | INFO     | obd.obd      | Sending command: b'0105': Engine Coolant Temperature
2026-05-24 08:31:17 | INFO     | obd.OBDCommand | b'0105': Engine Coolant Temperature did not receive any acceptable messages
2026-05-24 08:31:17 | INFO     | obd.obd      | Sending command: b'0142': Control module voltage
2026-05-24 08:31:20 | INFO     | obd.OBDCommand | b'0142': Control module voltage did not receive any acceptable messages
2026-05-24 08:31:22 | INFO     | obd.obd      | Sending command: b'010C': Engine RPM
2026-05-24 08:31:25 | INFO     | obd.OBDCommand | b'010C': Engine RPM did not receive any acceptable messages
2026-05-24 08:31:25 | WARNING  | OBD.Safety   | [Safety] PID 'RPM' désactivé après 3 échecs consécutifs (non supporté ou timeout).
2026-05-24 08:31:25 | INFO     | obd.obd      | Sending command: b'0105': Engine Coolant Temperature
2026-05-24 08:31:29 | INFO     | obd.OBDCommand | b'0105': Engine Coolant Temperature did not receive any acceptable messages
2026-05-24 08:31:29 | WARNING  | OBD.Safety   | [Safety] PID 'COOLANT_TEMP' désactivé après 3 échecs consécutifs (non supporté ou timeout).
2026-05-24 08:31:29 | INFO     | obd.obd      | Sending command: b'0142': Control module voltage
2026-05-24 08:31:32 | INFO     | obd.OBDCommand | b'0142': Control module voltage did not receive any acceptable messages
2026-05-24 08:31:32 | WARNING  | OBD.Safety   | [Safety] PID 'CONTROL_MODULE_VOLTAGE' désactivé après 3 échecs consécutifs (non supporté ou timeout).
2026-05-24 08:31:34 | INFO     | obd.obd      | Sending command: b'010D': Vehicle Speed
2026-05-24 08:31:37 | INFO     | obd.OBDCommand | b'010D': Vehicle Speed did not receive any acceptable messages
2026-05-24 08:31:38 | INFO     | obd.obd      | Sending command: b'0104': Calculated Engine Load
2026-05-24 08:31:41 | INFO     | obd.OBDCommand | b'0104': Calculated Engine Load did not receive any acceptable messages
2026-05-24 08:31:41 | WARNING  | OBD          | [OBD] Budget latence CAN dépassé (> 4000ms). Fin anticipée du cycle.
2026-05-24 08:31:42 | ERROR    | OBD.Safety   | [Safety] Freeze ELM327 détecté : aucune réponse depuis 52s (seuil=45.0s). Reconnexion requise.
2026-05-24 08:31:42 | WARNING  | OBD          | [OBD] Watchdog déclenché — ELM327 potentiellement gelé. Forçage de la reconnexion.
2026-05-24 08:31:42 | INFO     | obd.obd      | Closing connection
2026-05-24 08:31:42 | INFO     | obd.elm327   | closing port
2026-05-24 08:31:42 | INFO     | OBD          | [OBD] Tentative de reconnexion dans 3s (essai #1)...
2026-05-24 08:31:45 | INFO     | OBD          | [OBD] Tentative de connexion sur /dev/ttyUSB0 (baudrate=38400, fast=False, timeout=15s)...
2026-05-24 08:31:47 | INFO     | OBD          | [OBD] Présence matérielle de l'ELM327 confirmée sur /dev/ttyUSB0.
2026-05-24 08:31:47 | INFO     | OBD          | [OBD] Essai de connexion sur /dev/ttyUSB0 avec protocole : Auto-détection
2026-05-24 08:31:47 | INFO     | obd.obd      | ======================= python-OBD (v0.7.3) =======================
2026-05-24 08:31:47 | INFO     | obd.obd      | Explicit port defined
2026-05-24 08:31:47 | INFO     | obd.elm327   | Initializing ELM327: PORT=/dev/ttyUSB0 BAUD=38400 PROTOCOL=auto
2026-05-24 08:31:52 | ERROR    | obd.elm327   | Failed to query protocol 0100: unable to connect
2026-05-24 08:31:52 | ERROR    | obd.elm327   | Connected to the adapter, but failed to connect to the vehicle
2026-05-24 08:31:52 | WARNING  | obd.obd      | Cannot load commands: No connection to car
2026-05-24 08:31:52 | INFO     | obd.obd      | ===================================================================
2026-05-24 08:31:52 | INFO     | OBD          | [OBD] Adaptateur ELM327 détecté sur /dev/ttyUSB0, mais véhicule hors contact (statut : ELM Connected)
2026-05-24 08:31:52 | INFO     | OBD          | [OBD] Interface sur /dev/ttyUSB0 : ELM327 détecté — véhicule hors contact (MAR/ACC requis). Stabilisation 3.0s...
2026-05-24 08:31:55 | INFO     | obd.obd      | Sending command: b'ATRV': Voltage detected by OBD-II adapter
2026-05-24 08:31:55 | INFO     | OBD          | [OBD] Tension batterie : 14.4 V
2026-05-24 08:31:55 | INFO     | OBD.Safety   | [Safety] PID health tracker réinitialisé (reconnexion).
2026-05-24 08:31:55 | INFO     | OBD          | [OBD] Connexion établie sur /dev/ttyUSB0 — statut : en attente contact.
2026-05-24 08:31:55 | INFO     | obd.obd      | Sending command: b'010C': Engine RPM
2026-05-24 08:31:58 | INFO     | obd.OBDCommand | b'010C': Engine RPM did not receive any acceptable messages
2026-05-24 08:31:59 | INFO     | obd.obd      | Sending command: b'0105': Engine Coolant Temperature
2026-05-24 08:32:02 | INFO     | obd.OBDCommand | b'0105': Engine Coolant Temperature did not receive any acceptable messages
2026-05-24 08:32:02 | INFO     | obd.obd      | Sending command: b'0142': Control module voltage
2026-05-24 08:32:06 | INFO     | obd.OBDCommand | b'0142': Control module voltage did not receive any acceptable messages
2026-05-24 08:32:06 | WARNING  | OBD          | [OBD] Budget latence CAN dépassé (> 4000ms). Fin anticipée du cycle.
2026-05-24 08:32:06 | INFO     | obd.obd      | Sending command: b'03': Get DTCs
2026-05-24 08:32:07 | INFO     | WS           | [WS] Connexion fermée normalement : ('192.168.4.161', 63301)
2026-05-24 08:32:09 | INFO     | obd.obd      | Sending command: b'07': Get DTCs from the current/last driving cycle
2026-05-24 08:32:12 | WARNING  | obd.obd      | 'b'0A': Get permanent DTCs' is not supported
2026-05-24 08:32:12 | INFO     | OBD          | [OBD] Bilan DTCs — Aucun code défaut détecté (véhicule sain).
2026-05-24 08:32:14 | INFO     | obd.obd      | Sending command: b'010C': Engine RPM
2026-05-24 08:32:17 | INFO     | obd.OBDCommand | b'010C': Engine RPM did not receive any acceptable messages
2026-05-24 08:32:17 | INFO     | obd.obd      | Sending command: b'0105': Engine Coolant Temperature
2026-05-24 08:32:21 | INFO     | obd.OBDCommand | b'0105': Engine Coolant Temperature did not receive any acceptable messages
2026-05-24 08:32:21 | INFO     | obd.obd      | Sending command: b'0142': Control module voltage
2026-05-24 08:32:24 | INFO     | obd.OBDCommand | b'0142': Control module voltage did not receive any acceptable messages
2026-05-24 08:32:26 | INFO     | obd.obd      | Sending command: b'010C': Engine RPM
2026-05-24 08:32:28 | INFO     | WS           | [WS] Client connecté : ('192.168.4.115', 47140)
2026-05-24 08:32:28 | INFO     | WS           | [WS] Véhicule configuré : HYUNDAI TUCSON
2026-05-24 08:32:29 | INFO     | obd.OBDCommand | b'010C': Engine RPM did not receive any acceptable messages
2026-05-24 08:32:29 | WARNING  | OBD.Safety   | [Safety] PID 'RPM' désactivé après 3 échecs consécutifs (non supporté ou timeout).
2026-05-24 08:32:30 | INFO     | obd.obd      | Sending command: b'0105': Engine Coolant Temperature
2026-05-24 08:32:30 | INFO     | WS           | [WS] Connexion fermée normalement : ('192.168.4.115', 37352)
2026-05-24 08:32:33 | INFO     | obd.OBDCommand | b'0105': Engine Coolant Temperature did not receive any acceptable messages
2026-05-24 08:32:33 | WARNING  | OBD.Safety   | [Safety] PID 'COOLANT_TEMP' désactivé après 3 échecs consécutifs (non supporté ou timeout).
2026-05-24 08:32:33 | INFO     | obd.obd      | Sending command: b'0142': Control module voltage
2026-05-24 08:32:37 | INFO     | obd.OBDCommand | b'0142': Control module voltage did not receive any acceptable messages
2026-05-24 08:32:37 | WARNING  | OBD.Safety   | [Safety] PID 'CONTROL_MODULE_VOLTAGE' désactivé après 3 échecs consécutifs (non supporté ou timeout).
2026-05-24 08:32:38 | INFO     | obd.obd      | Sending command: b'010D': Vehicle Speed
2026-05-24 08:32:39 | INFO     | WS           | [WS] Client connecté : ('192.168.4.115', 45890)
2026-05-24 08:32:39 | INFO     | WS           | [WS] Véhicule configuré : Toyota Avensis
2026-05-24 08:32:41 | INFO     | obd.OBDCommand | b'010D': Vehicle Speed did not receive any acceptable messages
2026-05-24 08:32:42 | INFO     | obd.obd      | Sending command: b'0104': Calculated Engine Load
2026-05-24 08:32:45 | INFO     | obd.OBDCommand | b'0104': Calculated Engine Load did not receive any acceptable messages
2026-05-24 08:32:45 | WARNING  | OBD          | [OBD] Budget latence CAN dépassé (> 4000ms). Fin anticipée du cycle.
2026-05-24 08:32:47 | ERROR    | OBD.Safety   | [Safety] Freeze ELM327 détecté : aucune réponse depuis 52s (seuil=45.0s). Reconnexion requise.
2026-05-24 08:32:47 | WARNING  | OBD          | [OBD] Watchdog déclenché — ELM327 potentiellement gelé. Forçage de la reconnexion.
2026-05-24 08:32:47 | INFO     | obd.obd      | Closing connection
2026-05-24 08:32:47 | INFO     | obd.elm327   | closing port
2026-05-24 08:32:47 | INFO     | OBD          | [OBD] Tentative de reconnexion dans 3s (essai #1)...
2026-05-24 08:32:50 | INFO     | OBD          | [OBD] Tentative de connexion sur /dev/ttyUSB0 (baudrate=38400, fast=False, timeout=15s)...
2026-05-24 08:32:51 | INFO     | OBD          | [OBD] Présence matérielle de l'ELM327 confirmée sur /dev/ttyUSB0.
2026-05-24 08:32:51 | INFO     | OBD          | [OBD] Essai de connexion sur /dev/ttyUSB0 avec protocole : Auto-détection
2026-05-24 08:32:51 | INFO     | obd.obd      | ======================= python-OBD (v0.7.3) =======================
2026-05-24 08:32:51 | INFO     | obd.obd      | Explicit port defined
2026-05-24 08:32:51 | INFO     | obd.elm327   | Initializing ELM327: PORT=/dev/ttyUSB0 BAUD=38400 PROTOCOL=auto
2026-05-24 08:32:56 | ERROR    | obd.elm327   | Failed to query protocol 0100: unable to connect
2026-05-24 08:32:56 | ERROR    | obd.elm327   | Connected to the adapter, but failed to connect to the vehicle
2026-05-24 08:32:56 | WARNING  | obd.obd      | Cannot load commands: No connection to car
2026-05-24 08:32:56 | INFO     | obd.obd      | ===================================================================
2026-05-24 08:32:56 | INFO     | OBD          | [OBD] Adaptateur ELM327 détecté sur /dev/ttyUSB0, mais véhicule hors contact (statut : ELM Connected)
2026-05-24 08:32:56 | INFO     | OBD          | [OBD] Interface sur /dev/ttyUSB0 : ELM327 détecté — véhicule hors contact (MAR/ACC requis). Stabilisation 3.0s...
2026-05-24 08:32:59 | INFO     | obd.obd      | Sending command: b'ATRV': Voltage detected by OBD-II adapter
2026-05-24 08:32:59 | INFO     | OBD          | [OBD] Tension batterie : 14.3 V
2026-05-24 08:32:59 | INFO     | OBD.Safety   | [Safety] PID health tracker réinitialisé (reconnexion).
2026-05-24 08:32:59 | INFO     | OBD          | [OBD] Connexion établie sur /dev/ttyUSB0 — statut : en attente contact.
2026-05-24 08:32:59 | INFO     | obd.obd      | Sending command: b'010C': Engine RPM
2026-05-24 08:33:03 | INFO     | obd.OBDCommand | b'010C': Engine RPM did not receive any acceptable messages
2026-05-24 08:33:03 | INFO     | obd.obd      | Sending command: b'0105': Engine Coolant Temperature
2026-05-24 08:33:06 | INFO     | obd.OBDCommand | b'0105': Engine Coolant Temperature did not receive any acceptable messages
2026-05-24 08:33:07 | INFO     | obd.obd      | Sending command: b'0142': Control module voltage
2026-05-24 08:33:10 | INFO     | obd.OBDCommand | b'0142': Control module voltage did not receive any acceptable messages
2026-05-24 08:33:10 | WARNING  | OBD          | [OBD] Budget latence CAN dépassé (> 4000ms). Fin anticipée du cycle.
2026-05-24 08:33:10 | INFO     | obd.obd      | Sending command: b'03': Get DTCs
2026-05-24 08:33:13 | INFO     | obd.obd      | Sending command: b'07': Get DTCs from the current/last driving cycle
2026-05-24 08:33:17 | WARNING  | obd.obd      | 'b'0A': Get permanent DTCs' is not supported
2026-05-24 08:33:17 | INFO     | OBD          | [OBD] Bilan DTCs — Aucun code défaut détecté (véhicule sain).
2026-05-24 08:33:18 | INFO     | obd.obd      | Sending command: b'010C': Engine RPM
2026-05-24 08:33:21 | INFO     | obd.OBDCommand | b'010C': Engine RPM did not receive any acceptable messages
2026-05-24 08:33:22 | INFO     | obd.obd      | Sending command: b'0105': Engine Coolant Temperature
2026-05-24 08:33:25 | INFO     | obd.OBDCommand | b'0105': Engine Coolant Temperature did not receive any acceptable messages
2026-05-24 08:33:25 | INFO     | obd.obd      | Sending command: b'0142': Control module voltage
2026-05-24 08:33:29 | INFO     | obd.OBDCommand | b'0142': Control module voltage did not receive any acceptable messages
2026-05-24 08:33:30 | INFO     | obd.obd      | Sending command: b'010C': Engine RPM
2026-05-24 08:33:34 | INFO     | obd.OBDCommand | b'010C': Engine RPM did not receive any acceptable messages
2026-05-24 08:33:34 | WARNING  | OBD.Safety   | [Safety] PID 'RPM' désactivé après 3 échecs consécutifs (non supporté ou timeout).
2026-05-24 08:33:34 | INFO     | obd.obd      | Sending command: b'0105': Engine Coolant Temperature
2026-05-24 08:33:37 | INFO     | obd.OBDCommand | b'0105': Engine Coolant Temperature did not receive any acceptable messages
2026-05-24 08:33:37 | WARNING  | OBD.Safety   | [Safety] PID 'COOLANT_TEMP' désactivé après 3 échecs consécutifs (non supporté ou timeout).
2026-05-24 08:33:37 | INFO     | obd.obd      | Sending command: b'0142': Control module voltage
2026-05-24 08:33:41 | INFO     | obd.OBDCommand | b'0142': Control module voltage did not receive any acceptable messages
2026-05-24 08:33:41 | WARNING  | OBD.Safety   | [Safety] PID 'CONTROL_MODULE_VOLTAGE' désactivé après 3 échecs consécutifs (non supporté ou timeout).
2026-05-24 08:33:42 | INFO     | obd.obd      | Sending command: b'010D': Vehicle Speed
2026-05-24 08:33:46 | INFO     | obd.OBDCommand | b'010D': Vehicle Speed did not receive any acceptable messages
2026-05-24 08:33:46 | INFO     | obd.obd      | Sending command: b'0104': Calculated Engine Load
2026-05-24 08:33:49 | INFO     | obd.OBDCommand | b'0104': Calculated Engine Load did not receive any acceptable messages
2026-05-24 08:33:49 | WARNING  | OBD          | [OBD] Budget latence CAN dépassé (> 4000ms). Fin anticipée du cycle.
2026-05-24 08:33:51 | ERROR    | OBD.Safety   | [Safety] Freeze ELM327 détecté : aucune réponse depuis 52s (seuil=45.0s). Reconnexion requise.
2026-05-24 08:33:51 | WARNING  | OBD          | [OBD] Watchdog déclenché — ELM327 potentiellement gelé. Forçage de la reconnexion.
2026-05-24 08:33:51 | INFO     | obd.obd      | Closing connection
2026-05-24 08:33:51 | INFO     | obd.elm327   | closing port
2026-05-24 08:33:51 | INFO     | OBD          | [OBD] Tentative de reconnexion dans 3s (essai #1)...
2026-05-24 08:33:54 | INFO     | OBD          | [OBD] Tentative de connexion sur /dev/ttyUSB0 (baudrate=38400, fast=False, timeout=15s)...
2026-05-24 08:33:55 | INFO     | OBD          | [OBD] Présence matérielle de l'ELM327 confirmée sur /dev/ttyUSB0.
2026-05-24 08:33:55 | INFO     | OBD          | [OBD] Essai de connexion sur /dev/ttyUSB0 avec protocole : Auto-détection
2026-05-24 08:33:55 | INFO     | obd.obd      | ======================= python-OBD (v0.7.3) =======================
2026-05-24 08:33:55 | INFO     | obd.obd      | Explicit port defined
2026-05-24 08:33:55 | INFO     | obd.elm327   | Initializing ELM327: PORT=/dev/ttyUSB0 BAUD=38400 PROTOCOL=auto
2026-05-24 08:34:00 | ERROR    | obd.elm327   | Failed to query protocol 0100: unable to connect
2026-05-24 08:34:00 | ERROR    | obd.elm327   | Connected to the adapter, but failed to connect to the vehicle
2026-05-24 08:34:00 | WARNING  | obd.obd      | Cannot load commands: No connection to car
2026-05-24 08:34:00 | INFO     | obd.obd      | ===================================================================
2026-05-24 08:34:00 | INFO     | OBD          | [OBD] Adaptateur ELM327 détecté sur /dev/ttyUSB0, mais véhicule hors contact (statut : ELM Connected)
2026-05-24 08:34:00 | INFO     | OBD          | [OBD] Interface sur /dev/ttyUSB0 : ELM327 détecté — véhicule hors contact (MAR/ACC requis). Stabilisation 3.0s...
2026-05-24 08:34:03 | INFO     | obd.obd      | Sending command: b'ATRV': Voltage detected by OBD-II adapter
2026-05-24 08:34:03 | INFO     | OBD          | [OBD] Tension batterie : 14.3 V
2026-05-24 08:34:03 | INFO     | OBD.Safety   | [Safety] PID health tracker réinitialisé (reconnexion).
2026-05-24 08:34:03 | INFO     | OBD          | [OBD] Connexion établie sur /dev/ttyUSB0 — statut : en attente contact.
2026-05-24 08:34:03 | INFO     | obd.obd      | Sending command: b'010C': Engine RPM
2026-05-24 08:34:07 | INFO     | obd.OBDCommand | b'010C': Engine RPM did not receive any acceptable messages
2026-05-24 08:34:07 | INFO     | obd.obd      | Sending command: b'0105': Engine Coolant Temperature
2026-05-24 08:34:10 | INFO     | obd.OBDCommand | b'0105': Engine Coolant Temperature did not receive any acceptable messages
2026-05-24 08:34:11 | INFO     | obd.obd      | Sending command: b'0142': Control module voltage
2026-05-24 08:34:14 | INFO     | obd.OBDCommand | b'0142': Control module voltage did not receive any acceptable messages
2026-05-24 08:34:14 | WARNING  | OBD          | [OBD] Budget latence CAN dépassé (> 4000ms). Fin anticipée du cycle.
2026-05-24 08:34:14 | INFO     | obd.obd      | Sending command: b'03': Get DTCs
2026-05-24 08:34:17 | INFO     | obd.obd      | Sending command: b'07': Get DTCs from the current/last driving cycle
2026-05-24 08:34:21 | WARNING  | obd.obd      | 'b'0A': Get permanent DTCs' is not supported
2026-05-24 08:34:21 | INFO     | OBD          | [OBD] Bilan DTCs — Aucun code défaut détecté (véhicule sain).
2026-05-24 08:34:22 | INFO     | obd.obd      | Sending command: b'010C': Engine RPM
2026-05-24 08:34:26 | INFO     | obd.OBDCommand | b'010C': Engine RPM did not receive any acceptable messages
2026-05-24 08:34:26 | INFO     | obd.obd      | Sending command: b'0105': Engine Coolant Temperature
2026-05-24 08:34:29 | INFO     | obd.OBDCommand | b'0105': Engine Coolant Temperature did not receive any acceptable messages
2026-05-24 08:34:30 | INFO     | obd.obd      | Sending command: b'0142': Control module voltage
2026-05-24 08:34:33 | INFO     | obd.OBDCommand | b'0142': Control module voltage did not receive any acceptable messages
2026-05-24 08:34:34 | INFO     | obd.obd      | Sending command: b'010C': Engine RPM
2026-05-24 08:34:38 | INFO     | obd.OBDCommand | b'010C': Engine RPM did not receive any acceptable messages
2026-05-24 08:34:38 | WARNING  | OBD.Safety   | [Safety] PID 'RPM' désactivé après 3 échecs consécutifs (non supporté ou timeout).
2026-05-24 08:34:38 | INFO     | obd.obd      | Sending command: b'0105': Engine Coolant Temperature
2026-05-24 08:34:41 | INFO     | obd.OBDCommand | b'0105': Engine Coolant Temperature did not receive any acceptable messages
2026-05-24 08:34:41 | WARNING  | OBD.Safety   | [Safety] PID 'COOLANT_TEMP' désactivé après 3 échecs consécutifs (non supporté ou timeout).
2026-05-24 08:34:42 | INFO     | obd.obd      | Sending command: b'0142': Control module voltage
2026-05-24 08:34:45 | INFO     | obd.OBDCommand | b'0142': Control module voltage did not receive any acceptable messages
2026-05-24 08:34:45 | WARNING  | OBD.Safety   | [Safety] PID 'CONTROL_MODULE_VOLTAGE' désactivé après 3 échecs consécutifs (non supporté ou timeout).
2026-05-24 08:34:47 | INFO     | obd.obd      | Sending command: b'010D': Vehicle Speed
2026-05-24 08:34:50 | INFO     | obd.OBDCommand | b'010D': Vehicle Speed did not receive any acceptable messages
2026-05-24 08:34:50 | INFO     | obd.obd      | Sending command: b'0104': Calculated Engine Load
2026-05-24 08:34:52 | INFO     | WS           | [WS] Véhicule configuré : Toyota Avensis
2026-05-24 08:34:52 | INFO     | WS           | [WS] Demande de diagnostic manuel.
2026-05-24 08:34:52 | INFO     | TTS          | [TTS] Synthèse et lecture [Priorité 0] : J'ai bien reçu votre demande. Je lance l'analyse approfondie des systèmes. Cela peut prendre environ une minute.
2026-05-24 08:34:54 | INFO     | obd.OBDCommand | b'0104': Calculated Engine Load did not receive any acceptable messages
2026-05-24 08:34:54 | WARNING  | OBD          | [OBD] Budget latence CAN dépassé (> 4000ms). Fin anticipée du cycle.
2026-05-24 08:34:55 | ERROR    | OBD.Safety   | [Safety] Freeze ELM327 détecté : aucune réponse depuis 52s (seuil=45.0s). Reconnexion requise.
2026-05-24 08:34:55 | WARNING  | OBD          | [OBD] Watchdog déclenché — ELM327 potentiellement gelé. Forçage de la reconnexion.
2026-05-24 08:34:55 | INFO     | obd.obd      | Closing connection
2026-05-24 08:34:55 | INFO     | obd.elm327   | closing port
2026-05-24 08:34:55 | INFO     | OBD          | [OBD] Tentative de reconnexion dans 3s (essai #1)...
2026-05-24 08:34:58 | INFO     | OBD          | [OBD] Tentative de connexion sur /dev/ttyUSB0 (baudrate=38400, fast=False, timeout=15s)...
2026-05-24 08:34:59 | INFO     | OBD          | [OBD] Présence matérielle de l'ELM327 confirmée sur /dev/ttyUSB0.
2026-05-24 08:34:59 | INFO     | OBD          | [OBD] Essai de connexion sur /dev/ttyUSB0 avec protocole : Auto-détection
2026-05-24 08:34:59 | INFO     | obd.obd      | ======================= python-OBD (v0.7.3) =======================
2026-05-24 08:34:59 | INFO     | obd.obd      | Explicit port defined
2026-05-24 08:34:59 | INFO     | obd.elm327   | Initializing ELM327: PORT=/dev/ttyUSB0 BAUD=38400 PROTOCOL=auto
2026-05-24 08:35:02 | INFO     | DIAGNOSTIC   | [DIAGNOSTIC] Génération du rapport via llama.cpp...
2026-05-24 08:35:05 | ERROR    | obd.elm327   | Failed to query protocol 0100: unable to connect
2026-05-24 08:35:05 | ERROR    | obd.elm327   | Connected to the adapter, but failed to connect to the vehicle
2026-05-24 08:35:05 | WARNING  | obd.obd      | Cannot load commands: No connection to car
2026-05-24 08:35:05 | INFO     | obd.obd      | ===================================================================
2026-05-24 08:35:05 | INFO     | OBD          | [OBD] Adaptateur ELM327 détecté sur /dev/ttyUSB0, mais véhicule hors contact (statut : ELM Connected)
2026-05-24 08:35:05 | INFO     | OBD          | [OBD] Interface sur /dev/ttyUSB0 : ELM327 détecté — véhicule hors contact (MAR/ACC requis). Stabilisation 3.0s...
2026-05-24 08:35:08 | INFO     | obd.obd      | Sending command: b'ATRV': Voltage detected by OBD-II adapter
2026-05-24 08:35:08 | INFO     | OBD          | [OBD] Tension batterie : 14.3 V
2026-05-24 08:35:08 | INFO     | OBD.Safety   | [Safety] PID health tracker réinitialisé (reconnexion).
2026-05-24 08:35:08 | INFO     | OBD          | [OBD] Connexion établie sur /dev/ttyUSB0 — statut : en attente contact.
2026-05-24 08:35:08 | INFO     | obd.obd      | Sending command: b'010C': Engine RPM
2026-05-24 08:35:11 | INFO     | obd.OBDCommand | b'010C': Engine RPM did not receive any acceptable messages
2026-05-24 08:35:11 | INFO     | obd.obd      | Sending command: b'0105': Engine Coolant Temperature
2026-05-24 08:35:15 | INFO     | obd.OBDCommand | b'0105': Engine Coolant Temperature did not receive any acceptable messages
2026-05-24 08:35:15 | INFO     | obd.obd      | Sending command: b'0142': Control module voltage
2026-05-24 08:35:18 | INFO     | obd.OBDCommand | b'0142': Control module voltage did not receive any acceptable messages
2026-05-24 08:35:18 | WARNING  | OBD          | [OBD] Budget latence CAN dépassé (> 4000ms). Fin anticipée du cycle.
2026-05-24 08:35:18 | INFO     | obd.obd      | Sending command: b'03': Get DTCs
2026-05-24 08:35:22 | INFO     | obd.obd      | Sending command: b'07': Get DTCs from the current/last driving cycle
2026-05-24 08:35:25 | WARNING  | obd.obd      | 'b'0A': Get permanent DTCs' is not supported
2026-05-24 08:35:25 | INFO     | OBD          | [OBD] Bilan DTCs — Aucun code défaut détecté (véhicule sain).
2026-05-24 08:35:26 | INFO     | obd.obd      | Sending command: b'010C': Engine RPM
2026-05-24 08:35:30 | INFO     | obd.OBDCommand | b'010C': Engine RPM did not receive any acceptable messages
2026-05-24 08:35:30 | INFO     | obd.obd      | Sending command: b'0105': Engine Coolant Temperature
2026-05-24 08:35:33 | INFO     | obd.OBDCommand | b'0105': Engine Coolant Temperature did not receive any acceptable messages
2026-05-24 08:35:34 | INFO     | obd.obd      | Sending command: b'0142': Control module voltage
2026-05-24 08:35:37 | INFO     | obd.OBDCommand | b'0142': Control module voltage did not receive any acceptable messages
2026-05-24 08:35:39 | INFO     | obd.obd      | Sending command: b'010C': Engine RPM
2026-05-24 08:35:42 | INFO     | obd.OBDCommand | b'010C': Engine RPM did not receive any acceptable messages
2026-05-24 08:35:42 | WARNING  | OBD.Safety   | [Safety] PID 'RPM' désactivé après 3 échecs consécutifs (non supporté ou timeout).
2026-05-24 08:35:42 | INFO     | obd.obd      | Sending command: b'0105': Engine Coolant Temperature
2026-05-24 08:35:46 | INFO     | obd.OBDCommand | b'0105': Engine Coolant Temperature did not receive any acceptable messages
2026-05-24 08:35:46 | WARNING  | OBD.Safety   | [Safety] PID 'COOLANT_TEMP' désactivé après 3 échecs consécutifs (non supporté ou timeout).
2026-05-24 08:35:46 | INFO     | obd.obd      | Sending command: b'0142': Control module voltage
2026-05-24 08:35:49 | INFO     | obd.OBDCommand | b'0142': Control module voltage did not receive any acceptable messages
2026-05-24 08:35:49 | WARNING  | OBD.Safety   | [Safety] PID 'CONTROL_MODULE_VOLTAGE' désactivé après 3 échecs consécutifs (non supporté ou timeout).
2026-05-24 08:35:51 | INFO     | obd.obd      | Sending command: b'010D': Vehicle Speed
2026-05-24 08:35:54 | INFO     | obd.OBDCommand | b'010D': Vehicle Speed did not receive any acceptable messages
2026-05-24 08:35:54 | INFO     | obd.obd      | Sending command: b'0104': Calculated Engine Load
2026-05-24 08:35:58 | INFO     | obd.OBDCommand | b'0104': Calculated Engine Load did not receive any acceptable messages
2026-05-24 08:35:58 | WARNING  | OBD          | [OBD] Budget latence CAN dépassé (> 4000ms). Fin anticipée du cycle.
2026-05-24 08:35:59 | ERROR    | OBD.Safety   | [Safety] Freeze ELM327 détecté : aucune réponse depuis 52s (seuil=45.0s). Reconnexion requise.
2026-05-24 08:35:59 | WARNING  | OBD          | [OBD] Watchdog déclenché — ELM327 potentiellement gelé. Forçage de la reconnexion.
2026-05-24 08:35:59 | INFO     | obd.obd      | Closing connection
2026-05-24 08:35:59 | INFO     | obd.elm327   | closing port
2026-05-24 08:35:59 | INFO     | OBD          | [OBD] Tentative de reconnexion dans 3s (essai #1)...
2026-05-24 08:36:02 | INFO     | OBD          | [OBD] Tentative de connexion sur /dev/ttyUSB0 (baudrate=38400, fast=False, timeout=15s)...
2026-05-24 08:36:04 | INFO     | OBD          | [OBD] Présence matérielle de l'ELM327 confirmée sur /dev/ttyUSB0.
2026-05-24 08:36:04 | INFO     | OBD          | [OBD] Essai de connexion sur /dev/ttyUSB0 avec protocole : Auto-détection
2026-05-24 08:36:04 | INFO     | obd.obd      | ======================= python-OBD (v0.7.3) =======================
2026-05-24 08:36:04 | INFO     | obd.obd      | Explicit port defined
2026-05-24 08:36:04 | INFO     | obd.elm327   | Initializing ELM327: PORT=/dev/ttyUSB0 BAUD=38400 PROTOCOL=auto
2026-05-24 08:36:09 | ERROR    | obd.elm327   | Failed to query protocol 0100: unable to connect
2026-05-24 08:36:09 | ERROR    | obd.elm327   | Connected to the adapter, but failed to connect to the vehicle
2026-05-24 08:36:09 | WARNING  | obd.obd      | Cannot load commands: No connection to car
2026-05-24 08:36:09 | INFO     | obd.obd      | ===================================================================
2026-05-24 08:36:09 | INFO     | OBD          | [OBD] Adaptateur ELM327 détecté sur /dev/ttyUSB0, mais véhicule hors contact (statut : ELM Connected)
2026-05-24 08:36:09 | INFO     | OBD          | [OBD] Interface sur /dev/ttyUSB0 : ELM327 détecté — véhicule hors contact (MAR/ACC requis). Stabilisation 3.0s...
2026-05-24 08:36:12 | INFO     | obd.obd      | Sending command: b'ATRV': Voltage detected by OBD-II adapter
2026-05-24 08:36:12 | INFO     | OBD          | [OBD] Tension batterie : 14.3 V
2026-05-24 08:36:12 | INFO     | OBD.Safety   | [Safety] PID health tracker réinitialisé (reconnexion).
2026-05-24 08:36:12 | INFO     | OBD          | [OBD] Connexion établie sur /dev/ttyUSB0 — statut : en attente contact.
2026-05-24 08:36:12 | INFO     | obd.obd      | Sending command: b'010C': Engine RPM
2026-05-24 08:36:15 | INFO     | obd.OBDCommand | b'010C': Engine RPM did not receive any acceptable messages
2026-05-24 08:36:16 | INFO     | obd.obd      | Sending command: b'0105': Engine Coolant Temperature
2026-05-24 08:36:19 | INFO     | obd.OBDCommand | b'0105': Engine Coolant Temperature did not receive any acceptable messages
2026-05-24 08:36:19 | INFO     | obd.obd      | Sending command: b'0142': Control module voltage
2026-05-24 08:36:22 | INFO     | DIAGNOSTIC   | [DIAGNOSTIC] Fiabilité calculée : 60.0%
2026-05-24 08:36:22 | INFO     | TTS          | [TTS] Synthèse et lecture [Priorité 1] : La connexion avec votre véhicule est établie. L'état de votre diagnostic est inconnu. Cependant, tout fonctionne normalement et aucune anomalie n'est détectée concernant le système électrique ou la gestion du smartphone. Faites vérifier le système de communication entre le véhicule et votre smartphone par un professionnel pour assurer un fonctionnement optimal. Ce diagnostic est estimé fiable à 60%.
2026-05-24 08:36:23 | INFO     | obd.OBDCommand | b'0142': Control module voltage did not receive any acceptable messages
2026-05-24 08:36:23 | WARNING  | OBD          | [OBD] Budget latence CAN dépassé (> 4000ms). Fin anticipée du cycle.
2026-05-24 08:36:23 | INFO     | obd.obd      | Sending command: b'03': Get DTCs
2026-05-24 08:36:26 | INFO     | obd.obd      | Sending command: b'07': Get DTCs from the current/last driving cycle
2026-05-24 08:36:29 | WARNING  | obd.obd      | 'b'0A': Get permanent DTCs' is not supported
2026-05-24 08:36:29 | INFO     | OBD          | [OBD] Bilan DTCs — Aucun code défaut détecté (véhicule sain).
2026-05-24 08:36:31 | INFO     | obd.obd      | Sending command: b'010C': Engine RPM
2026-05-24 08:36:34 | INFO     | obd.OBDCommand | b'010C': Engine RPM did not receive any acceptable messages
2026-05-24 08:36:34 | INFO     | obd.obd      | Sending command: b'0105': Engine Coolant Temperature
2026-05-24 08:36:38 | INFO     | obd.OBDCommand | b'0105': Engine Coolant Temperature did not receive any acceptable messages
2026-05-24 08:36:38 | INFO     | obd.obd      | Sending command: b'0142': Control module voltage
2026-05-24 08:36:41 | INFO     | obd.OBDCommand | b'0142': Control module voltage did not receive any acceptable messages
2026-05-24 08:36:43 | INFO     | obd.obd      | Sending command: b'010C': Engine RPM
2026-05-24 08:36:46 | INFO     | obd.OBDCommand | b'010C': Engine RPM did not receive any acceptable messages
2026-05-24 08:36:46 | WARNING  | OBD.Safety   | [Safety] PID 'RPM' désactivé après 3 échecs consécutifs (non supporté ou timeout).
2026-05-24 08:36:47 | INFO     | obd.obd      | Sending command: b'0105': Engine Coolant Temperature
2026-05-24 08:36:50 | INFO     | obd.OBDCommand | b'0105': Engine Coolant Temperature did not receive any acceptable messages
2026-05-24 08:36:50 | WARNING  | OBD.Safety   | [Safety] PID 'COOLANT_TEMP' désactivé après 3 échecs consécutifs (non supporté ou timeout).
2026-05-24 08:36:50 | INFO     | obd.obd      | Sending command: b'0142': Control module voltage
2026-05-24 08:36:54 | INFO     | obd.OBDCommand | b'0142': Control module voltage did not receive any acceptable messages
2026-05-24 08:36:54 | WARNING  | OBD.Safety   | [Safety] PID 'CONTROL_MODULE_VOLTAGE' désactivé après 3 échecs consécutifs (non supporté ou timeout).
2026-05-24 08:36:55 | INFO     | obd.obd      | Sending command: b'010D': Vehicle Speed
2026-05-24 08:36:58 | INFO     | obd.OBDCommand | b'010D': Vehicle Speed did not receive any acceptable messages
2026-05-24 08:36:59 | INFO     | obd.obd      | Sending command: b'0104': Calculated Engine Load
2026-05-24 08:37:02 | INFO     | obd.OBDCommand | b'0104': Calculated Engine Load did not receive any acceptable messages
2026-05-24 08:37:02 | WARNING  | OBD          | [OBD] Budget latence CAN dépassé (> 4000ms). Fin anticipée du cycle.
2026-05-24 08:37:04 | ERROR    | OBD.Safety   | [Safety] Freeze ELM327 détecté : aucune réponse depuis 52s (seuil=45.0s). Reconnexion requise.
2026-05-24 08:37:04 | WARNING  | OBD          | [OBD] Watchdog déclenché — ELM327 potentiellement gelé. Forçage de la reconnexion.
2026-05-24 08:37:04 | INFO     | obd.obd      | Closing connection
2026-05-24 08:37:04 | INFO     | obd.elm327   | closing port
2026-05-24 08:37:04 | INFO     | OBD          | [OBD] Tentative de reconnexion dans 3s (essai #1)...
2026-05-24 08:37:07 | INFO     | OBD          | [OBD] Tentative de connexion sur /dev/ttyUSB0 (baudrate=38400, fast=False, timeout=15s)...
2026-05-24 08:37:08 | INFO     | OBD          | [OBD] Présence matérielle de l'ELM327 confirmée sur /dev/ttyUSB0.
2026-05-24 08:37:08 | INFO     | OBD          | [OBD] Essai de connexion sur /dev/ttyUSB0 avec protocole : Auto-détection
2026-05-24 08:37:08 | INFO     | obd.obd      | ======================= python-OBD (v0.7.3) =======================
2026-05-24 08:37:08 | INFO     | obd.obd      | Explicit port defined
2026-05-24 08:37:08 | INFO     | obd.elm327   | Initializing ELM327: PORT=/dev/ttyUSB0 BAUD=38400 PROTOCOL=auto
2026-05-24 08:37:13 | ERROR    | obd.elm327   | Failed to query protocol 0100: unable to connect
2026-05-24 08:37:13 | ERROR    | obd.elm327   | Connected to the adapter, but failed to connect to the vehicle
2026-05-24 08:37:13 | WARNING  | obd.obd      | Cannot load commands: No connection to car
2026-05-24 08:37:13 | INFO     | obd.obd      | ===================================================================
2026-05-24 08:37:13 | INFO     | OBD          | [OBD] Adaptateur ELM327 détecté sur /dev/ttyUSB0, mais véhicule hors contact (statut : ELM Connected)
2026-05-24 08:37:13 | INFO     | OBD          | [OBD] Interface sur /dev/ttyUSB0 : ELM327 détecté — véhicule hors contact (MAR/ACC requis). Stabilisation 3.0s...
2026-05-24 08:37:16 | INFO     | obd.obd      | Sending command: b'ATRV': Voltage detected by OBD-II adapter
2026-05-24 08:37:16 | INFO     | OBD          | [OBD] Tension batterie : 14.3 V
2026-05-24 08:37:16 | INFO     | OBD.Safety   | [Safety] PID health tracker réinitialisé (reconnexion).
2026-05-24 08:37:16 | INFO     | OBD          | [OBD] Connexion établie sur /dev/ttyUSB0 — statut : en attente contact.
2026-05-24 08:37:16 | INFO     | obd.obd      | Sending command: b'010C': Engine RPM
2026-05-24 08:37:19 | INFO     | obd.OBDCommand | b'010C': Engine RPM did not receive any acceptable messages
2026-05-24 08:37:20 | INFO     | obd.obd      | Sending command: b'0105': Engine Coolant Temperature
2026-05-24 08:37:23 | INFO     | obd.OBDCommand | b'0105': Engine Coolant Temperature did not receive any acceptable messages
2026-05-24 08:37:23 | INFO     | obd.obd      | Sending command: b'0142': Control module voltage
2026-05-24 08:37:27 | INFO     | obd.OBDCommand | b'0142': Control module voltage did not receive any acceptable messages
2026-05-24 08:37:27 | WARNING  | OBD          | [OBD] Budget latence CAN dépassé (> 4000ms). Fin anticipée du cycle.
2026-05-24 08:37:27 | INFO     | obd.obd      | Sending command: b'03': Get DTCs
2026-05-24 08:37:30 | INFO     | obd.obd      | Sending command: b'07': Get DTCs from the current/last driving cycle
2026-05-24 08:37:33 | WARNING  | obd.obd      | 'b'0A': Get permanent DTCs' is not supported
2026-05-24 08:37:33 | INFO     | OBD          | [OBD] Bilan DTCs — Aucun code défaut détecté (véhicule sain).
2026-05-24 08:37:35 | INFO     | obd.obd      | Sending command: b'010C': Engine RPM
2026-05-24 08:37:38 | INFO     | obd.OBDCommand | b'010C': Engine RPM did not receive any acceptable messages
2026-05-24 08:37:39 | INFO     | obd.obd      | Sending command: b'0105': Engine Coolant Temperature
2026-05-24 08:37:42 | INFO     | obd.OBDCommand | b'0105': Engine Coolant Temperature did not receive any acceptable messages
2026-05-24 08:37:42 | INFO     | obd.obd      | Sending command: b'0142': Control module voltage
2026-05-24 08:37:46 | INFO     | obd.OBDCommand | b'0142': Control module voltage did not receive any acceptable messages
2026-05-24 08:37:47 | INFO     | obd.obd      | Sending command: b'010C': Engine RPM
2026-05-24 08:37:50 | INFO     | obd.OBDCommand | b'010C': Engine RPM did not receive any acceptable messages
2026-05-24 08:37:50 | WARNING  | OBD.Safety   | [Safety] PID 'RPM' désactivé après 3 échecs consécutifs (non supporté ou timeout).
2026-05-24 08:37:51 | INFO     | obd.obd      | Sending command: b'0105': Engine Coolant Temperature
2026-05-24 08:37:54 | INFO     | obd.OBDCommand | b'0105': Engine Coolant Temperature did not receive any acceptable messages
2026-05-24 08:37:54 | WARNING  | OBD.Safety   | [Safety] PID 'COOLANT_TEMP' désactivé après 3 échecs consécutifs (non supporté ou timeout).
2026-05-24 08:37:54 | INFO     | DIAGNOSTIC   | [DIAGNOSTIC] Génération de la réponse (free chat) via llama.cpp...
2026-05-24 08:37:54 | INFO     | obd.obd      | Sending command: b'0142': Control module voltage
2026-05-24 08:37:58 | INFO     | obd.OBDCommand | b'0142': Control module voltage did not receive any acceptable messages
2026-05-24 08:37:58 | WARNING  | OBD.Safety   | [Safety] PID 'CONTROL_MODULE_VOLTAGE' désactivé après 3 échecs consécutifs (non supporté ou timeout).
2026-05-24 08:37:59 | INFO     | obd.obd      | Sending command: b'010D': Vehicle Speed
2026-05-24 08:38:03 | INFO     | obd.OBDCommand | b'010D': Vehicle Speed did not receive any acceptable messages
2026-05-24 08:38:03 | INFO     | obd.obd      | Sending command: b'0104': Calculated Engine Load
2026-05-24 08:38:06 | INFO     | obd.OBDCommand | b'0104': Calculated Engine Load did not receive any acceptable messages
2026-05-24 08:38:06 | WARNING  | OBD          | [OBD] Budget latence CAN dépassé (> 4000ms). Fin anticipée du cycle.
2026-05-24 08:38:08 | ERROR    | OBD.Safety   | [Safety] Freeze ELM327 détecté : aucune réponse depuis 52s (seuil=45.0s). Reconnexion requise.
2026-05-24 08:38:08 | WARNING  | OBD          | [OBD] Watchdog déclenché — ELM327 potentiellement gelé. Forçage de la reconnexion.
2026-05-24 08:38:08 | INFO     | obd.obd      | Closing connection
2026-05-24 08:38:08 | INFO     | obd.elm327   | closing port
2026-05-24 08:38:08 | INFO     | OBD          | [OBD] Tentative de reconnexion dans 3s (essai #1)...
2026-05-24 08:38:11 | INFO     | OBD          | [OBD] Tentative de connexion sur /dev/ttyUSB0 (baudrate=38400, fast=False, timeout=15s)...
2026-05-24 08:38:12 | INFO     | OBD          | [OBD] Présence matérielle de l'ELM327 confirmée sur /dev/ttyUSB0.
2026-05-24 08:38:12 | INFO     | OBD          | [OBD] Essai de connexion sur /dev/ttyUSB0 avec protocole : Auto-détection
2026-05-24 08:38:12 | INFO     | obd.obd      | ======================= python-OBD (v0.7.3) =======================
2026-05-24 08:38:12 | INFO     | obd.obd      | Explicit port defined
2026-05-24 08:38:12 | INFO     | obd.elm327   | Initializing ELM327: PORT=/dev/ttyUSB0 BAUD=38400 PROTOCOL=auto
2026-05-24 08:38:17 | ERROR    | obd.elm327   | Failed to query protocol 0100: unable to connect
2026-05-24 08:38:17 | ERROR    | obd.elm327   | Connected to the adapter, but failed to connect to the vehicle
2026-05-24 08:38:17 | WARNING  | obd.obd      | Cannot load commands: No connection to car
2026-05-24 08:38:17 | INFO     | obd.obd      | ===================================================================
2026-05-24 08:38:17 | INFO     | OBD          | [OBD] Adaptateur ELM327 détecté sur /dev/ttyUSB0, mais véhicule hors contact (statut : ELM Connected)
2026-05-24 08:38:17 | INFO     | OBD          | [OBD] Interface sur /dev/ttyUSB0 : ELM327 détecté — véhicule hors contact (MAR/ACC requis). Stabilisation 3.0s...
2026-05-24 08:38:20 | INFO     | obd.obd      | Sending command: b'ATRV': Voltage detected by OBD-II adapter
2026-05-24 08:38:20 | INFO     | OBD          | [OBD] Tension batterie : 14.1 V
2026-05-24 08:38:20 | INFO     | OBD.Safety   | [Safety] PID health tracker réinitialisé (reconnexion).
2026-05-24 08:38:20 | INFO     | OBD          | [OBD] Connexion établie sur /dev/ttyUSB0 — statut : en attente contact.
2026-05-24 08:38:20 | INFO     | obd.obd      | Sending command: b'010C': Engine RPM
2026-05-24 08:38:24 | INFO     | obd.OBDCommand | b'010C': Engine RPM did not receive any acceptable messages
2026-05-24 08:38:24 | INFO     | obd.obd      | Sending command: b'0105': Engine Coolant Temperature
2026-05-24 08:38:27 | INFO     | obd.OBDCommand | b'0105': Engine Coolant Temperature did not receive any acceptable messages
2026-05-24 08:38:28 | INFO     | obd.obd      | Sending command: b'0142': Control module voltage
2026-05-24 08:38:31 | INFO     | obd.OBDCommand | b'0142': Control module voltage did not receive any acceptable messages
2026-05-24 08:38:31 | WARNING  | OBD          | [OBD] Budget latence CAN dépassé (> 4000ms). Fin anticipée du cycle.
2026-05-24 08:38:31 | INFO     | obd.obd      | Sending command: b'03': Get DTCs
2026-05-24 08:38:34 | INFO     | obd.obd      | Sending command: b'07': Get DTCs from the current/last driving cycle
2026-05-24 08:38:38 | WARNING  | obd.obd      | 'b'0A': Get permanent DTCs' is not supported
2026-05-24 08:38:38 | INFO     | OBD          | [OBD] Bilan DTCs — Aucun code défaut détecté (véhicule sain).
2026-05-24 08:38:39 | INFO     | obd.obd      | Sending command: b'010C': Engine RPM
2026-05-24 08:38:43 | INFO     | obd.OBDCommand | b'010C': Engine RPM did not receive any acceptable messages
2026-05-24 08:38:43 | INFO     | obd.obd      | Sending command: b'0105': Engine Coolant Temperature
2026-05-24 08:38:46 | INFO     | obd.OBDCommand | b'0105': Engine Coolant Temperature did not receive any acceptable messages
2026-05-24 08:38:47 | INFO     | obd.obd      | Sending command: b'0142': Control module voltage
2026-05-24 08:38:50 | INFO     | obd.OBDCommand | b'0142': Control module voltage did not receive any acceptable messages
2026-05-24 08:38:51 | INFO     | obd.obd      | Sending command: b'010C': Engine RPM
2026-05-24 08:38:55 | INFO     | obd.OBDCommand | b'010C': Engine RPM did not receive any acceptable messages
2026-05-24 08:38:55 | WARNING  | OBD.Safety   | [Safety] PID 'RPM' désactivé après 3 échecs consécutifs (non supporté ou timeout).
2026-05-24 08:38:55 | INFO     | obd.obd      | Sending command: b'0105': Engine Coolant Temperature
2026-05-24 08:38:58 | INFO     | obd.OBDCommand | b'0105': Engine Coolant Temperature did not receive any acceptable messages
2026-05-24 08:38:58 | WARNING  | OBD.Safety   | [Safety] PID 'COOLANT_TEMP' désactivé après 3 échecs consécutifs (non supporté ou timeout).
2026-05-24 08:38:59 | INFO     | obd.obd      | Sending command: b'0142': Control module voltage
2026-05-24 08:39:02 | INFO     | obd.OBDCommand | b'0142': Control module voltage did not receive any acceptable messages
2026-05-24 08:39:02 | WARNING  | OBD.Safety   | [Safety] PID 'CONTROL_MODULE_VOLTAGE' désactivé après 3 échecs consécutifs (non supporté ou timeout).
2026-05-24 08:39:04 | INFO     | obd.obd      | Sending command: b'010D': Vehicle Speed
2026-05-24 08:39:07 | INFO     | obd.OBDCommand | b'010D': Vehicle Speed did not receive any acceptable messages
2026-05-24 08:39:07 | INFO     | obd.obd      | Sending command: b'0104': Calculated Engine Load
2026-05-24 08:39:11 | INFO     | obd.OBDCommand | b'0104': Calculated Engine Load did not receive any acceptable messages
2026-05-24 08:39:11 | WARNING  | OBD          | [OBD] Budget latence CAN dépassé (> 4000ms). Fin anticipée du cycle.
2026-05-24 08:39:12 | ERROR    | OBD.Safety   | [Safety] Freeze ELM327 détecté : aucune réponse depuis 52s (seuil=45.0s). Reconnexion requise.
2026-05-24 08:39:12 | WARNING  | OBD          | [OBD] Watchdog déclenché — ELM327 potentiellement gelé. Forçage de la reconnexion.
2026-05-24 08:39:12 | INFO     | obd.obd      | Closing connection
2026-05-24 08:39:12 | INFO     | obd.elm327   | closing port
2026-05-24 08:39:12 | INFO     | OBD          | [OBD] Tentative de reconnexion dans 3s (essai #1)...
2026-05-24 08:39:15 | INFO     | OBD          | [OBD] Tentative de connexion sur /dev/ttyUSB0 (baudrate=38400, fast=False, timeout=15s)...
2026-05-24 08:39:16 | INFO     | OBD          | [OBD] Présence matérielle de l'ELM327 confirmée sur /dev/ttyUSB0.
2026-05-24 08:39:16 | INFO     | OBD          | [OBD] Essai de connexion sur /dev/ttyUSB0 avec protocole : Auto-détection
2026-05-24 08:39:16 | INFO     | obd.obd      | ======================= python-OBD (v0.7.3) =======================
2026-05-24 08:39:16 | INFO     | obd.obd      | Explicit port defined
2026-05-24 08:39:16 | INFO     | obd.elm327   | Initializing ELM327: PORT=/dev/ttyUSB0 BAUD=38400 PROTOCOL=auto
2026-05-24 08:39:22 | ERROR    | obd.elm327   | Failed to query protocol 0100: unable to connect
2026-05-24 08:39:22 | ERROR    | obd.elm327   | Connected to the adapter, but failed to connect to the vehicle
2026-05-24 08:39:22 | WARNING  | obd.obd      | Cannot load commands: No connection to car
2026-05-24 08:39:22 | INFO     | obd.obd      | ===================================================================
2026-05-24 08:39:22 | INFO     | OBD          | [OBD] Adaptateur ELM327 détecté sur /dev/ttyUSB0, mais véhicule hors contact (statut : ELM Connected)
2026-05-24 08:39:22 | INFO     | OBD          | [OBD] Interface sur /dev/ttyUSB0 : ELM327 détecté — véhicule hors contact (MAR/ACC requis). Stabilisation 3.0s...
2026-05-24 08:39:25 | INFO     | obd.obd      | Sending command: b'ATRV': Voltage detected by OBD-II adapter
2026-05-24 08:39:25 | INFO     | OBD          | [OBD] Tension batterie : 13.4 V
2026-05-24 08:39:25 | INFO     | OBD.Safety   | [Safety] PID health tracker réinitialisé (reconnexion).
2026-05-24 08:39:25 | INFO     | OBD          | [OBD] Connexion établie sur /dev/ttyUSB0 — statut : en attente contact.
2026-05-24 08:39:25 | INFO     | obd.obd      | Sending command: b'010C': Engine RPM
2026-05-24 08:39:28 | INFO     | obd.OBDCommand | b'010C': Engine RPM did not receive any acceptable messages
2026-05-24 08:39:29 | INFO     | obd.obd      | Sending command: b'0105': Engine Coolant Temperature
2026-05-24 08:39:32 | INFO     | obd.OBDCommand | b'0105': Engine Coolant Temperature did not receive any acceptable messages
2026-05-24 08:39:32 | INFO     | obd.obd      | Sending command: b'0142': Control module voltage
2026-05-24 08:39:36 | INFO     | obd.OBDCommand | b'0142': Control module voltage did not receive any acceptable messages
2026-05-24 08:39:36 | WARNING  | OBD          | [OBD] Budget latence CAN dépassé (> 4000ms). Fin anticipée du cycle.
2026-05-24 08:39:36 | INFO     | obd.obd      | Sending command: b'03': Get DTCs
2026-05-24 08:39:38 | INFO     | TTS          | [TTS] Synthèse et lecture [Priorité 0] : Oh là là, c'est embêtant! Si les aiguilles de votre tableau de bord ne s'allument plus et que vous rencontrez le même problème sur l'application Sedai, il y a plusieurs possibilités. L'état OBD indique que la connexion est bien établie, mais le système moteur renvoie des données "INCONNUES", ce qui peut indiquer un problème avec le capteur principal qui alimente les aiguilles. Il est possible qu'un capteur soit défectueux, ou qu'il y ait un problème de communication entre le capteur et l'unité de contrôle du tableau de bord. Je vous recommande fortement de faire vérifier le système électrique de votre véhicule par un mécanicien qualifié. Ils pourront identifier précisément la cause du problème et le réparer.
2026-05-24 08:39:39 | INFO     | obd.obd      | Sending command: b'07': Get DTCs from the current/last driving cycle
2026-05-24 08:39:42 | WARNING  | obd.obd      | 'b'0A': Get permanent DTCs' is not supported
2026-05-24 08:39:42 | INFO     | OBD          | [OBD] Bilan DTCs — Aucun code défaut détecté (véhicule sain).
2026-05-24 08:39:44 | INFO     | obd.obd      | Sending command: b'010C': Engine RPM
2026-05-24 08:39:47 | INFO     | obd.OBDCommand | b'010C': Engine RPM did not receive any acceptable messages
2026-05-24 08:39:48 | INFO     | obd.obd      | Sending command: b'0105': Engine Coolant Temperature
2026-05-24 08:39:51 | INFO     | obd.OBDCommand | b'0105': Engine Coolant Temperature did not receive any acceptable messages
2026-05-24 08:39:51 | INFO     | obd.obd      | Sending command: b'0142': Control module voltage
2026-05-24 08:39:55 | INFO     | obd.OBDCommand | b'0142': Control module voltage did not receive any acceptable messages
2026-05-24 08:39:56 | INFO     | obd.obd      | Sending command: b'010C': Engine RPM
2026-05-24 08:39:59 | INFO     | obd.OBDCommand | b'010C': Engine RPM did not receive any acceptable messages
2026-05-24 08:39:59 | WARNING  | OBD.Safety   | [Safety] PID 'RPM' désactivé après 3 échecs consécutifs (non supporté ou timeout).
2026-05-24 08:40:00 | INFO     | obd.obd      | Sending command: b'0105': Engine Coolant Temperature
2026-05-24 08:40:03 | INFO     | obd.OBDCommand | b'0105': Engine Coolant Temperature did not receive any acceptable messages
2026-05-24 08:40:03 | WARNING  | OBD.Safety   | [Safety] PID 'COOLANT_TEMP' désactivé après 3 échecs consécutifs (non supporté ou timeout).
2026-05-24 08:40:03 | INFO     | obd.obd      | Sending command: b'0142': Control module voltage
2026-05-24 08:40:07 | INFO     | obd.OBDCommand | b'0142': Control module voltage did not receive any acceptable messages
2026-05-24 08:40:07 | WARNING  | OBD.Safety   | [Safety] PID 'CONTROL_MODULE_VOLTAGE' désactivé après 3 échecs consécutifs (non supporté ou timeout).
2026-05-24 08:40:08 | INFO     | obd.obd      | Sending command: b'010D': Vehicle Speed
2026-05-24 08:40:12 | INFO     | obd.OBDCommand | b'010D': Vehicle Speed did not receive any acceptable messages
2026-05-24 08:40:12 | INFO     | obd.obd      | Sending command: b'0104': Calculated Engine Load
2026-05-24 08:40:15 | INFO     | obd.OBDCommand | b'0104': Calculated Engine Load did not receive any acceptable messages
2026-05-24 08:40:15 | WARNING  | OBD          | [OBD] Budget latence CAN dépassé (> 4000ms). Fin anticipée du cycle.
2026-05-24 08:40:17 | ERROR    | OBD.Safety   | [Safety] Freeze ELM327 détecté : aucune réponse depuis 52s (seuil=45.0s). Reconnexion requise.
2026-05-24 08:40:17 | WARNING  | OBD          | [OBD] Watchdog déclenché — ELM327 potentiellement gelé. Forçage de la reconnexion.
2026-05-24 08:40:17 | INFO     | obd.obd      | Closing connection
2026-05-24 08:40:17 | INFO     | obd.elm327   | closing port
2026-05-24 08:40:17 | INFO     | OBD          | [OBD] Tentative de reconnexion dans 3s (essai #1)...
2026-05-24 08:40:20 | INFO     | OBD          | [OBD] Tentative de connexion sur /dev/ttyUSB0 (baudrate=38400, fast=False, timeout=15s)...
2026-05-24 08:40:21 | INFO     | OBD          | [OBD] Présence matérielle de l'ELM327 confirmée sur /dev/ttyUSB0.
2026-05-24 08:40:21 | INFO     | OBD          | [OBD] Essai de connexion sur /dev/ttyUSB0 avec protocole : Auto-détection
2026-05-24 08:40:21 | INFO     | obd.obd      | ======================= python-OBD (v0.7.3) =======================
2026-05-24 08:40:21 | INFO     | obd.obd      | Explicit port defined
2026-05-24 08:40:21 | INFO     | obd.elm327   | Initializing ELM327: PORT=/dev/ttyUSB0 BAUD=38400 PROTOCOL=auto
2026-05-24 08:40:26 | ERROR    | obd.elm327   | Failed to query protocol 0100: unable to connect
2026-05-24 08:40:26 | ERROR    | obd.elm327   | Connected to the adapter, but failed to connect to the vehicle
2026-05-24 08:40:26 | WARNING  | obd.obd      | Cannot load commands: No connection to car
2026-05-24 08:40:26 | INFO     | obd.obd      | ===================================================================
2026-05-24 08:40:26 | INFO     | OBD          | [OBD] Adaptateur ELM327 détecté sur /dev/ttyUSB0, mais véhicule hors contact (statut : ELM Connected)
2026-05-24 08:40:26 | INFO     | OBD          | [OBD] Interface sur /dev/ttyUSB0 : ELM327 détecté — véhicule hors contact (MAR/ACC requis). Stabilisation 3.0s...
2026-05-24 08:40:29 | INFO     | obd.obd      | Sending command: b'ATRV': Voltage detected by OBD-II adapter
2026-05-24 08:40:29 | INFO     | OBD          | [OBD] Tension batterie : 13.3 V
2026-05-24 08:40:29 | INFO     | OBD.Safety   | [Safety] PID health tracker réinitialisé (reconnexion).
2026-05-24 08:40:29 | INFO     | OBD          | [OBD] Connexion établie sur /dev/ttyUSB0 — statut : en attente contact.
2026-05-24 08:40:29 | INFO     | obd.obd      | Sending command: b'010C': Engine RPM
2026-05-24 08:40:33 | INFO     | obd.OBDCommand | b'010C': Engine RPM did not receive any acceptable messages
2026-05-24 08:40:33 | INFO     | obd.obd      | Sending command: b'0105': Engine Coolant Temperature
2026-05-24 08:40:36 | INFO     | obd.OBDCommand | b'0105': Engine Coolant Temperature did not receive any acceptable messages
2026-05-24 08:40:37 | INFO     | obd.obd      | Sending command: b'0142': Control module voltage
2026-05-24 08:40:40 | INFO     | obd.OBDCommand | b'0142': Control module voltage did not receive any acceptable messages
2026-05-24 08:40:40 | WARNING  | OBD          | [OBD] Budget latence CAN dépassé (> 4000ms). Fin anticipée du cycle.
2026-05-24 08:40:40 | INFO     | obd.obd      | Sending command: b'03': Get DTCs
2026-05-24 08:40:44 | INFO     | obd.obd      | Sending command: b'07': Get DTCs from the current/last driving cycle
2026-05-24 08:40:47 | WARNING  | obd.obd      | 'b'0A': Get permanent DTCs' is not supported
2026-05-24 08:40:47 | INFO     | OBD          | [OBD] Bilan DTCs — Aucun code défaut détecté (véhicule sain).
2026-05-24 08:40:48 | INFO     | obd.obd      | Sending command: b'010C': Engine RPM
2026-05-24 08:40:52 | INFO     | obd.OBDCommand | b'010C': Engine RPM did not receive any acceptable messages
2026-05-24 08:40:52 | INFO     | obd.obd      | Sending command: b'0105': Engine Coolant Temperature
2026-05-24 08:40:55 | INFO     | obd.OBDCommand | b'0105': Engine Coolant Temperature did not receive any acceptable messages
2026-05-24 08:40:56 | INFO     | obd.obd      | Sending command: b'0142': Control module voltage
2026-05-24 08:40:59 | INFO     | obd.OBDCommand | b'0142': Control module voltage did not receive any acceptable messages
2026-05-24 08:41:01 | INFO     | obd.obd      | Sending command: b'010C': Engine RPM
2026-05-24 08:41:04 | INFO     | obd.OBDCommand | b'010C': Engine RPM did not receive any acceptable messages
2026-05-24 08:41:04 | WARNING  | OBD.Safety   | [Safety] PID 'RPM' désactivé après 3 échecs consécutifs (non supporté ou timeout).
2026-05-24 08:41:04 | INFO     | obd.obd      | Sending command: b'0105': Engine Coolant Temperature
2026-05-24 08:41:08 | INFO     | obd.OBDCommand | b'0105': Engine Coolant Temperature did not receive any acceptable messages
2026-05-24 08:41:08 | WARNING  | OBD.Safety   | [Safety] PID 'COOLANT_TEMP' désactivé après 3 échecs consécutifs (non supporté ou timeout).
2026-05-24 08:41:08 | INFO     | obd.obd      | Sending command: b'0142': Control module voltage
2026-05-24 08:41:11 | INFO     | obd.OBDCommand | b'0142': Control module voltage did not receive any acceptable messages
2026-05-24 08:41:11 | WARNING  | OBD.Safety   | [Safety] PID 'CONTROL_MODULE_VOLTAGE' désactivé après 3 échecs consécutifs (non supporté ou timeout).
2026-05-24 08:41:13 | INFO     | obd.obd      | Sending command: b'010D': Vehicle Speed
2026-05-24 08:41:16 | INFO     | obd.OBDCommand | b'010D': Vehicle Speed did not receive any acceptable messages
2026-05-24 08:41:16 | INFO     | obd.obd      | Sending command: b'0104': Calculated Engine Load
2026-05-24 08:41:20 | INFO     | obd.OBDCommand | b'0104': Calculated Engine Load did not receive any acceptable messages
2026-05-24 08:41:20 | WARNING  | OBD          | [OBD] Budget latence CAN dépassé (> 4000ms). Fin anticipée du cycle.
2026-05-24 08:41:21 | ERROR    | OBD.Safety   | [Safety] Freeze ELM327 détecté : aucune réponse depuis 52s (seuil=45.0s). Reconnexion requise.
2026-05-24 08:41:21 | WARNING  | OBD          | [OBD] Watchdog déclenché — ELM327 potentiellement gelé. Forçage de la reconnexion.
2026-05-24 08:41:21 | INFO     | obd.obd      | Closing connection
2026-05-24 08:41:21 | INFO     | obd.elm327   | closing port
2026-05-24 08:41:21 | INFO     | OBD          | [OBD] Tentative de reconnexion dans 3s (essai #1)...
2026-05-24 08:41:24 | INFO     | OBD          | [OBD] Tentative de connexion sur /dev/ttyUSB0 (baudrate=38400, fast=False, timeout=15s)...
2026-05-24 08:41:26 | INFO     | OBD          | [OBD] Présence matérielle de l'ELM327 confirmée sur /dev/ttyUSB0.
2026-05-24 08:41:26 | INFO     | OBD          | [OBD] Essai de connexion sur /dev/ttyUSB0 avec protocole : Auto-détection
2026-05-24 08:41:26 | INFO     | obd.obd      | ======================= python-OBD (v0.7.3) =======================
2026-05-24 08:41:26 | INFO     | obd.obd      | Explicit port defined
2026-05-24 08:41:26 | INFO     | obd.elm327   | Initializing ELM327: PORT=/dev/ttyUSB0 BAUD=38400 PROTOCOL=auto
2026-05-24 08:41:31 | ERROR    | obd.elm327   | Failed to query protocol 0100: unable to connect
2026-05-24 08:41:31 | ERROR    | obd.elm327   | Connected to the adapter, but failed to connect to the vehicle
2026-05-24 08:41:31 | WARNING  | obd.obd      | Cannot load commands: No connection to car
2026-05-24 08:41:31 | INFO     | obd.obd      | ===================================================================
2026-05-24 08:41:31 | INFO     | OBD          | [OBD] Adaptateur ELM327 détecté sur /dev/ttyUSB0, mais véhicule hors contact (statut : ELM Connected)
2026-05-24 08:41:31 | INFO     | OBD          | [OBD] Interface sur /dev/ttyUSB0 : ELM327 détecté — véhicule hors contact (MAR/ACC requis). Stabilisation 3.0s...
2026-05-24 08:41:34 | INFO     | obd.obd      | Sending command: b'ATRV': Voltage detected by OBD-II adapter
2026-05-24 08:41:34 | INFO     | OBD          | [OBD] Tension batterie : 1.4 V
2026-05-24 08:41:34 | WARNING  | OBD          | [OBD] Tension faible (< 11.5 V) — les lectures peuvent être instables.
2026-05-24 08:41:34 | INFO     | OBD.Safety   | [Safety] PID health tracker réinitialisé (reconnexion).
2026-05-24 08:41:34 | INFO     | OBD          | [OBD] Connexion établie sur /dev/ttyUSB0 — statut : en attente contact.
2026-05-24 08:41:34 | INFO     | obd.obd      | Sending command: b'010C': Engine RPM
2026-05-24 08:41:37 | INFO     | obd.OBDCommand | b'010C': Engine RPM did not receive any acceptable messages
2026-05-24 08:41:38 | INFO     | obd.obd      | Sending command: b'0105': Engine Coolant Temperature
2026-05-24 08:41:41 | INFO     | obd.OBDCommand | b'0105': Engine Coolant Temperature did not receive any acceptable messages
2026-05-24 08:41:41 | INFO     | obd.obd      | Sending command: b'0142': Control module voltage
2026-05-24 08:41:45 | INFO     | obd.OBDCommand | b'0142': Control module voltage did not receive any acceptable messages
2026-05-24 08:41:45 | WARNING  | OBD          | [OBD] Budget latence CAN dépassé (> 4000ms). Fin anticipée du cycle.
2026-05-24 08:41:45 | INFO     | obd.obd      | Sending command: b'03': Get DTCs
                                                                                                                                                                                                                                                                                                                                                                                                                                                                                                                                                                                                                                                                                                                                                                                                                                                                                                                                                                                                                                                                                                                                                                                                                         2026-06-09 21:32:31 | INFO     | SEDAI        | === Système de logging SEDAI initialisé ===
2026-06-09 21:32:31 | INFO     | SEDAI        | ==================================================
2026-06-09 21:32:31 | INFO     | SEDAI        |    SEDAI - Système Embarqué de Diagnostic Auto (v2.0)    
2026-06-09 21:32:31 | INFO     | SEDAI        | ==================================================
2026-06-09 21:32:31 | INFO     | SEDAI        | [SEDAI: 1/4] Vérification du modèle llama-cpp-python...
2026-06-09 21:32:31 | INFO     | STARTUP      | [STARTUP] Vérification du modèle llama.cpp...
2026-06-09 21:32:31 | INFO     | STARTUP      | [STARTUP] Modèle llama.cpp trouvé : /home/sedai/SEDAI/src/models/google_gemma-3-4b-it-Q5_K_M.gguf
2026-06-09 21:32:31 | INFO     | STARTUP      | [STARTUP] Sous-système IA initialisé avec succès.
2026-06-09 21:32:31 | INFO     | SEDAI        | [SEDAI] Chargement du modèle GGUF en mémoire (peut prendre jusqu'à 5 min)...
2026-06-09 21:33:35 | INFO     | SEDAI        | [SEDAI] Modèle chargé avec succès.
2026-06-09 21:33:35 | INFO     | SEDAI        | [SEDAI] Pré-chauffage du cache IA (Prefix Caching)...
2026-06-09 21:35:08 | INFO     | SEDAI        | [SEDAI] Cache initialisé. Système prêt pour une réactivité maximale.
2026-06-09 21:35:08 | INFO     | SEDAI        | [SEDAI: 2/4] Création du pipeline transactionnel...
2026-06-09 21:35:08 | INFO     | SEDAI        | [SEDAI: 3/4] Instanciation et couplage modulaire...
2026-06-09 21:35:08 | INFO     | MEMORY       | [MEMORY] Historique chargé : 2 échanges trouvés.
2026-06-09 21:35:08 | INFO     | TTS          | [TTS] Restauration du volume matériel sur la carte 2...
2026-06-09 21:35:08 | INFO     | VOICE        | [VOICE] Chargement du modèle ASR depuis /home/sedai/SEDAI/src/models/vosk/vosk-model-fr-0.6-linto-2.2.0...
2026-06-09 21:35:49 | INFO     | VOICE        | [VOICE] Modèle Vosk chargé avec succès.
2026-06-09 21:35:49 | INFO     | WS           | [WS] Carte audio USB détectée à l'index 2.
2026-06-09 21:35:49 | INFO     | SEDAI        | [SEDAI: 4/4] Top-départ de l'orchestrateur (Daemonisation)...
2026-06-09 21:35:49 | INFO     | TTS          | [TTS] Démarrage du thread de synthèse vocale.
2026-06-09 21:35:49 | INFO     | VOICE        | [VOICE] Démarrage du thread de reconnaissance vocale (Vosk Asynchrone).
2026-06-09 21:35:49 | INFO     | OBD          | [OBD] Démarrage du thread d'acquisition (time-slicing v2.1).
2026-06-09 21:35:49 | INFO     | MONITOR      | [MONITOR] Démarrage du thread de surveillance.
2026-06-09 21:35:49 | INFO     | DIAGNOSTIC   | [DIAGNOSTIC] Démarrage du thread de diagnostic IA.
2026-06-09 21:35:49 | INFO     | OBD          | [OBD] Tentative de reconnexion dans 3s (essai #1)...
2026-06-09 21:35:49 | INFO     | WS           | [WS] Serveur prêt sur 0.0.0.0:8765
2026-06-09 21:35:49 | INFO     | SEDAI        | [SEDAI] Système Opérationnel. Lancement autonome achevé à 100%.
2026-06-09 21:35:49 | INFO     | WS           | [WS] Démarrage de la boucle de diffusion (broadcast).
2026-06-09 21:35:52 | INFO     | OBD          | [OBD] Tentative de connexion sur /dev/ttyUSB0 (baudrate=38400, fast=False, timeout=15s)...
2026-06-09 21:35:53 | INFO     | OBD          | [OBD] Présence matérielle de l'ELM327 confirmée sur /dev/ttyUSB0.
2026-06-09 21:35:53 | INFO     | OBD          | [OBD] Essai de connexion sur /dev/ttyUSB0 avec protocole : Auto-détection
2026-06-09 21:35:53 | INFO     | obd.obd      | ======================= python-OBD (v0.7.3) =======================
2026-06-09 21:35:53 | INFO     | obd.obd      | Explicit port defined
2026-06-09 21:35:53 | INFO     | obd.elm327   | Initializing ELM327: PORT=/dev/ttyUSB0 BAUD=38400 PROTOCOL=auto
2026-06-09 21:35:58 | INFO     | TTS          | [TTS] Synthèse et lecture [Priorité 0] : SEDAI activé. Prêt à surveiller votre véhicule.
2026-06-09 21:36:01 | ERROR    | obd.elm327   | Failed to query protocol 0100: unable to connect
2026-06-09 21:36:01 | ERROR    | obd.elm327   | Connected to the adapter, but failed to connect to the vehicle
2026-06-09 21:36:01 | WARNING  | obd.obd      | Cannot load commands: No connection to car
2026-06-09 21:36:01 | INFO     | obd.obd      | ===================================================================
2026-06-09 21:36:01 | INFO     | OBD          | [OBD] Adaptateur ELM327 détecté sur /dev/ttyUSB0, mais véhicule hors contact (statut : ELM Connected)
2026-06-09 21:36:01 | INFO     | OBD          | [OBD] Interface sur /dev/ttyUSB0 : ELM327 détecté — véhicule hors contact (MAR/ACC requis). Stabilisation 3.0s...
2026-06-09 21:36:04 | INFO     | obd.obd      | Sending command: b'ATRV': Voltage detected by OBD-II adapter
2026-06-09 21:36:04 | INFO     | OBD          | [OBD] Tension batterie : 0.1 V
2026-06-09 21:36:04 | WARNING  | OBD          | [OBD] Tension faible (< 11.5 V) — les lectures peuvent être instables.
2026-06-09 21:36:04 | INFO     | OBD.Safety   | [Safety] PID health tracker réinitialisé (reconnexion).
2026-06-09 21:36:04 | INFO     | OBD          | [OBD] Connexion établie sur /dev/ttyUSB0 — statut : en attente contact.
2026-06-09 21:36:04 | INFO     | obd.obd      | Sending command: b'010C': Engine RPM
2026-06-09 21:36:06 | INFO     | obd.OBDCommand | b'010C': Engine RPM did not receive any acceptable messages
2026-06-09 21:36:06 | INFO     | obd.obd      | Sending command: b'0105': Engine Coolant Temperature
2026-06-09 21:36:07 | INFO     | obd.OBDCommand | b'0105': Engine Coolant Temperature did not receive any acceptable messages
2026-06-09 21:36:08 | INFO     | obd.obd      | Sending command: b'0142': Control module voltage
2026-06-09 21:36:09 | INFO     | obd.OBDCommand | b'0142': Control module voltage did not receive any acceptable messages
2026-06-09 21:36:09 | WARNING  | OBD          | [OBD] Budget latence CAN dépassé (> 4000ms). Fin anticipée du cycle.
2026-06-09 21:36:09 | INFO     | obd.obd      | Sending command: b'03': Get DTCs
2026-06-09 21:36:11 | INFO     | obd.obd      | Sending command: b'07': Get DTCs from the current/last driving cycle
2026-06-09 21:36:12 | WARNING  | obd.obd      | 'b'0A': Get permanent DTCs' is not supported
2026-06-09 21:36:12 | INFO     | OBD          | [OBD] Bilan DTCs — Aucun code défaut détecté (véhicule sain).
2026-06-09 21:36:14 | INFO     | obd.obd      | Sending command: b'010C': Engine RPM
2026-06-09 21:36:16 | INFO     | obd.OBDCommand | b'010C': Engine RPM did not receive any acceptable messages
2026-06-09 21:36:16 | INFO     | obd.obd      | Sending command: b'0105': Engine Coolant Temperature
2026-06-09 21:36:17 | INFO     | obd.OBDCommand | b'0105': Engine Coolant Temperature did not receive any acceptable messages
2026-06-09 21:36:18 | INFO     | obd.obd      | Sending command: b'0142': Control module voltage
2026-06-09 21:36:19 | INFO     | obd.OBDCommand | b'0142': Control module voltage did not receive any acceptable messages
2026-06-09 21:36:21 | INFO     | obd.obd      | Sending command: b'010C': Engine RPM
2026-06-09 21:36:22 | INFO     | obd.OBDCommand | b'010C': Engine RPM did not receive any acceptable messages
2026-06-09 21:36:22 | WARNING  | OBD.Safety   | [Safety] PID 'RPM' désactivé après 3 échecs consécutifs (non supporté ou timeout).
2026-06-09 21:36:23 | INFO     | obd.obd      | Sending command: b'0105': Engine Coolant Temperature
2026-06-09 21:36:24 | INFO     | obd.OBDCommand | b'0105': Engine Coolant Temperature did not receive any acceptable messages
2026-06-09 21:36:24 | WARNING  | OBD.Safety   | [Safety] PID 'COOLANT_TEMP' désactivé après 3 échecs consécutifs (non supporté ou timeout).
2026-06-09 21:36:24 | INFO     | obd.obd      | Sending command: b'0142': Control module voltage
2026-06-09 21:36:26 | INFO     | obd.OBDCommand | b'0142': Control module voltage did not receive any acceptable messages
2026-06-09 21:36:26 | WARNING  | OBD.Safety   | [Safety] PID 'CONTROL_MODULE_VOLTAGE' désactivé après 3 échecs consécutifs (non supporté ou timeout).
2026-06-09 21:36:28 | INFO     | obd.obd      | Sending command: b'010D': Vehicle Speed
2026-06-09 21:36:29 | INFO     | obd.OBDCommand | b'010D': Vehicle Speed did not receive any acceptable messages
2026-06-09 21:36:29 | INFO     | obd.obd      | Sending command: b'0104': Calculated Engine Load
2026-06-09 21:36:31 | INFO     | obd.OBDCommand | b'0104': Calculated Engine Load did not receive any acceptable messages
2026-06-09 21:36:31 | INFO     | obd.obd      | Sending command: b'0110': Air Flow Rate (MAF)
2026-06-09 21:36:33 | INFO     | obd.OBDCommand | b'0110': Air Flow Rate (MAF) did not receive any acceptable messages
2026-06-09 21:36:33 | WARNING  | OBD          | [OBD] Budget latence CAN dépassé (> 4000ms). Fin anticipée du cycle.
2026-06-09 21:36:37 | INFO     | obd.obd      | Sending command: b'010D': Vehicle Speed
2026-06-09 21:36:39 | INFO     | obd.OBDCommand | b'010D': Vehicle Speed did not receive any acceptable messages
2026-06-09 21:36:39 | INFO     | obd.obd      | Sending command: b'0104': Calculated Engine Load
2026-06-09 21:36:41 | INFO     | obd.OBDCommand | b'0104': Calculated Engine Load did not receive any acceptable messages
2026-06-09 21:36:41 | INFO     | obd.obd      | Sending command: b'0110': Air Flow Rate (MAF)
2026-06-09 21:36:43 | INFO     | obd.OBDCommand | b'0110': Air Flow Rate (MAF) did not receive any acceptable messages
2026-06-09 21:36:43 | WARNING  | OBD          | [OBD] Budget latence CAN dépassé (> 4000ms). Fin anticipée du cycle.
2026-06-09 21:36:46 | INFO     | obd.obd      | Sending command: b'0111': Throttle Position
2026-06-09 21:36:47 | INFO     | obd.OBDCommand | b'0111': Throttle Position did not receive any acceptable messages
2026-06-09 21:36:48 | INFO     | obd.obd      | Sending command: b'010F': Intake Air Temp
2026-06-09 21:36:49 | INFO     | obd.OBDCommand | b'010F': Intake Air Temp did not receive any acceptable messages
2026-06-09 21:36:49 | INFO     | obd.obd      | Sending command: b'0114': O2: Bank 1 - Sensor 1 Voltage
2026-06-09 21:36:51 | INFO     | obd.OBDCommand | b'0114': O2: Bank 1 - Sensor 1 Voltage did not receive any acceptable messages
2026-06-09 21:36:53 | ERROR    | OBD.Safety   | [Safety] Freeze ELM327 détecté : aucune réponse depuis 49s (seuil=45.0s). Reconnexion requise.
2026-06-09 21:36:53 | WARNING  | OBD          | [OBD] Watchdog déclenché — ELM327 potentiellement gelé. Forçage de la reconnexion.
2026-06-09 21:36:53 | INFO     | obd.obd      | Closing connection
2026-06-09 21:36:53 | INFO     | obd.elm327   | closing port
2026-06-09 21:36:53 | INFO     | OBD          | [OBD] Tentative de reconnexion dans 3s (essai #1)...
2026-06-09 21:36:56 | INFO     | OBD          | [OBD] Tentative de connexion sur /dev/ttyUSB0 (baudrate=38400, fast=False, timeout=15s)...
2026-06-09 21:37:02 | INFO     | OBD          | [OBD] Présence matérielle de l'ELM327 confirmée sur /dev/ttyUSB0.
2026-06-09 21:37:02 | INFO     | OBD          | [OBD] Essai de connexion sur /dev/ttyUSB0 avec protocole : Auto-détection
2026-06-09 21:37:02 | INFO     | obd.obd      | ======================= python-OBD (v0.7.3) =======================
2026-06-09 21:37:02 | INFO     | obd.obd      | Explicit port defined
2026-06-09 21:37:02 | INFO     | obd.elm327   | Initializing ELM327: PORT=/dev/ttyUSB0 BAUD=38400 PROTOCOL=auto
2026-06-09 21:37:09 | ERROR    | obd.elm327   | Failed to query protocol 0100: unable to connect
2026-06-09 21:37:09 | ERROR    | obd.elm327   | Connected to the adapter, but failed to connect to the vehicle
2026-06-09 21:37:09 | WARNING  | obd.obd      | Cannot load commands: No connection to car
2026-06-09 21:37:09 | INFO     | obd.obd      | ===================================================================
2026-06-09 21:37:09 | INFO     | OBD          | [OBD] Adaptateur ELM327 détecté sur /dev/ttyUSB0, mais véhicule hors contact (statut : ELM Connected)
2026-06-09 21:37:09 | INFO     | OBD          | [OBD] Interface sur /dev/ttyUSB0 : ELM327 détecté — véhicule hors contact (MAR/ACC requis). Stabilisation 3.0s...
2026-06-09 21:37:12 | INFO     | obd.obd      | Sending command: b'ATRV': Voltage detected by OBD-II adapter
2026-06-09 21:37:12 | INFO     | OBD          | [OBD] Tension batterie : 0.1 V
2026-06-09 21:37:12 | WARNING  | OBD          | [OBD] Tension faible (< 11.5 V) — les lectures peuvent être instables.
2026-06-09 21:37:12 | INFO     | OBD.Safety   | [Safety] PID health tracker réinitialisé (reconnexion).
2026-06-09 21:37:12 | INFO     | OBD          | [OBD] Connexion établie sur /dev/ttyUSB0 — statut : en attente contact.
2026-06-09 21:37:12 | INFO     | obd.obd      | Sending command: b'010C': Engine RPM
2026-06-09 21:37:14 | INFO     | obd.OBDCommand | b'010C': Engine RPM did not receive any acceptable messages
2026-06-09 21:37:14 | INFO     | obd.obd      | Sending command: b'0105': Engine Coolant Temperature
2026-06-09 21:37:16 | INFO     | obd.OBDCommand | b'0105': Engine Coolant Temperature did not receive any acceptable messages
2026-06-09 21:37:16 | INFO     | obd.obd      | Sending command: b'0142': Control module voltage
2026-06-09 21:37:18 | INFO     | obd.OBDCommand | b'0142': Control module voltage did not receive any acceptable messages
2026-06-09 21:37:18 | WARNING  | OBD          | [OBD] Budget latence CAN dépassé (> 4000ms). Fin anticipée du cycle.
2026-06-09 21:37:18 | INFO     | obd.obd      | Sending command: b'03': Get DTCs
2026-06-09 21:37:19 | INFO     | obd.obd      | Sending command: b'07': Get DTCs from the current/last driving cycle
2026-06-09 21:37:21 | WARNING  | obd.obd      | 'b'0A': Get permanent DTCs' is not supported
2026-06-09 21:37:21 | INFO     | OBD          | [OBD] Bilan DTCs — Aucun code défaut détecté (véhicule sain).
2026-06-09 21:37:22 | INFO     | obd.obd      | Sending command: b'010C': Engine RPM
2026-06-09 21:37:24 | INFO     | obd.OBDCommand | b'010C': Engine RPM did not receive any acceptable messages
2026-06-09 21:37:24 | INFO     | obd.obd      | Sending command: b'0105': Engine Coolant Temperature
2026-06-09 21:37:26 | INFO     | obd.OBDCommand | b'0105': Engine Coolant Temperature did not receive any acceptable messages
2026-06-09 21:37:26 | INFO     | obd.obd      | Sending command: b'0142': Control module voltage
2026-06-09 21:37:28 | INFO     | obd.OBDCommand | b'0142': Control module voltage did not receive any acceptable messages
2026-06-09 21:37:29 | INFO     | obd.obd      | Sending command: b'010C': Engine RPM
2026-06-09 21:37:31 | INFO     | obd.OBDCommand | b'010C': Engine RPM did not receive any acceptable messages
2026-06-09 21:37:31 | WARNING  | OBD.Safety   | [Safety] PID 'RPM' désactivé après 3 échecs consécutifs (non supporté ou timeout).
2026-06-09 21:37:31 | INFO     | obd.obd      | Sending command: b'0105': Engine Coolant Temperature
2026-06-09 21:37:33 | INFO     | obd.OBDCommand | b'0105': Engine Coolant Temperature did not receive any acceptable messages
2026-06-09 21:37:33 | WARNING  | OBD.Safety   | [Safety] PID 'COOLANT_TEMP' désactivé après 3 échecs consécutifs (non supporté ou timeout).
2026-06-09 21:37:33 | INFO     | obd.obd      | Sending command: b'0142': Control module voltage
2026-06-09 21:37:34 | INFO     | obd.OBDCommand | b'0142': Control module voltage did not receive any acceptable messages
2026-06-09 21:37:34 | WARNING  | OBD.Safety   | [Safety] PID 'CONTROL_MODULE_VOLTAGE' désactivé après 3 échecs consécutifs (non supporté ou timeout).
2026-06-09 21:37:36 | INFO     | obd.obd      | Sending command: b'010D': Vehicle Speed
2026-06-09 21:37:37 | INFO     | obd.OBDCommand | b'010D': Vehicle Speed did not receive any acceptable messages
2026-06-09 21:37:38 | INFO     | obd.obd      | Sending command: b'0104': Calculated Engine Load
2026-06-09 21:37:39 | INFO     | obd.OBDCommand | b'0104': Calculated Engine Load did not receive any acceptable messages
2026-06-09 21:37:40 | INFO     | obd.obd      | Sending command: b'0110': Air Flow Rate (MAF)
2026-06-09 21:37:41 | INFO     | obd.OBDCommand | b'0110': Air Flow Rate (MAF) did not receive any acceptable messages
2026-06-09 21:37:41 | WARNING  | OBD          | [OBD] Budget latence CAN dépassé (> 4000ms). Fin anticipée du cycle.
2026-06-09 21:37:46 | INFO     | obd.obd      | Sending command: b'010D': Vehicle Speed
2026-06-09 21:37:47 | INFO     | obd.OBDCommand | b'010D': Vehicle Speed did not receive any acceptable messages
2026-06-09 21:37:48 | INFO     | obd.obd      | Sending command: b'0104': Calculated Engine Load
2026-06-09 21:37:49 | INFO     | obd.OBDCommand | b'0104': Calculated Engine Load did not receive any acceptable messages
2026-06-09 21:37:49 | INFO     | obd.obd      | Sending command: b'0110': Air Flow Rate (MAF)
2026-06-09 21:37:51 | INFO     | obd.OBDCommand | b'0110': Air Flow Rate (MAF) did not receive any acceptable messages
2026-06-09 21:37:51 | WARNING  | OBD          | [OBD] Budget latence CAN dépassé (> 4000ms). Fin anticipée du cycle.
2026-06-09 21:37:54 | INFO     | obd.obd      | Sending command: b'0111': Throttle Position
2026-06-09 21:37:56 | INFO     | obd.OBDCommand | b'0111': Throttle Position did not receive any acceptable messages
2026-06-09 21:37:56 | INFO     | obd.obd      | Sending command: b'010F': Intake Air Temp
2026-06-09 21:37:57 | INFO     | obd.OBDCommand | b'010F': Intake Air Temp did not receive any acceptable messages
2026-06-09 21:37:58 | INFO     | obd.obd      | Sending command: b'0114': O2: Bank 1 - Sensor 1 Voltage
2026-06-09 21:37:59 | INFO     | obd.OBDCommand | b'0114': O2: Bank 1 - Sensor 1 Voltage did not receive any acceptable messages
2026-06-09 21:38:01 | ERROR    | OBD.Safety   | [Safety] Freeze ELM327 détecté : aucune réponse depuis 49s (seuil=45.0s). Reconnexion requise.
2026-06-09 21:38:01 | WARNING  | OBD          | [OBD] Watchdog déclenché — ELM327 potentiellement gelé. Forçage de la reconnexion.
2026-06-09 21:38:01 | INFO     | obd.obd      | Closing connection
2026-06-09 21:38:01 | INFO     | obd.elm327   | closing port
2026-06-09 21:38:01 | INFO     | OBD          | [OBD] Tentative de reconnexion dans 3s (essai #1)...
2026-06-09 21:38:04 | INFO     | OBD          | [OBD] Tentative de connexion sur /dev/ttyUSB0 (baudrate=38400, fast=False, timeout=15s)...
2026-06-09 21:38:10 | INFO     | OBD          | [OBD] Présence matérielle de l'ELM327 confirmée sur /dev/ttyUSB0.
2026-06-09 21:38:10 | INFO     | OBD          | [OBD] Essai de connexion sur /dev/ttyUSB0 avec protocole : Auto-détection
2026-06-09 21:38:10 | INFO     | obd.obd      | ======================= python-OBD (v0.7.3) =======================
2026-06-09 21:38:10 | INFO     | obd.obd      | Explicit port defined
2026-06-09 21:38:10 | INFO     | obd.elm327   | Initializing ELM327: PORT=/dev/ttyUSB0 BAUD=38400 PROTOCOL=auto
2026-06-09 21:38:18 | ERROR    | obd.elm327   | Failed to query protocol 0100: unable to connect
2026-06-09 21:38:18 | ERROR    | obd.elm327   | Connected to the adapter, but failed to connect to the vehicle
2026-06-09 21:38:18 | WARNING  | obd.obd      | Cannot load commands: No connection to car
2026-06-09 21:38:18 | INFO     | obd.obd      | ===================================================================
2026-06-09 21:38:18 | INFO     | OBD          | [OBD] Adaptateur ELM327 détecté sur /dev/ttyUSB0, mais véhicule hors contact (statut : ELM Connected)
2026-06-09 21:38:18 | INFO     | OBD          | [OBD] Interface sur /dev/ttyUSB0 : ELM327 détecté — véhicule hors contact (MAR/ACC requis). Stabilisation 3.0s...
2026-06-09 21:38:21 | INFO     | obd.obd      | Sending command: b'ATRV': Voltage detected by OBD-II adapter
2026-06-09 21:38:21 | INFO     | OBD          | [OBD] Tension batterie : 0.1 V
2026-06-09 21:38:21 | WARNING  | OBD          | [OBD] Tension faible (< 11.5 V) — les lectures peuvent être instables.
2026-06-09 21:38:21 | INFO     | OBD.Safety   | [Safety] PID health tracker réinitialisé (reconnexion).
2026-06-09 21:38:21 | INFO     | OBD          | [OBD] Connexion établie sur /dev/ttyUSB0 — statut : en attente contact.
2026-06-09 21:38:21 | INFO     | obd.obd      | Sending command: b'010C': Engine RPM
2026-06-09 21:38:22 | INFO     | obd.OBDCommand | b'010C': Engine RPM did not receive any acceptable messages
2026-06-09 21:38:22 | INFO     | obd.obd      | Sending command: b'0105': Engine Coolant Temperature
2026-06-09 21:38:24 | INFO     | obd.OBDCommand | b'0105': Engine Coolant Temperature did not receive any acceptable messages
2026-06-09 21:38:24 | INFO     | obd.obd      | Sending command: b'0142': Control module voltage
2026-06-09 21:38:26 | INFO     | obd.OBDCommand | b'0142': Control module voltage did not receive any acceptable messages
2026-06-09 21:38:26 | WARNING  | OBD          | [OBD] Budget latence CAN dépassé (> 4000ms). Fin anticipée du cycle.
2026-06-09 21:38:26 | INFO     | obd.obd      | Sending command: b'03': Get DTCs
2026-06-09 21:38:28 | INFO     | obd.obd      | Sending command: b'07': Get DTCs from the current/last driving cycle
2026-06-09 21:38:29 | INFO     | WS           | [WS] Client connecté : ('192.168.4.57', 55026)
2026-06-09 21:38:29 | INFO     | WS           | [WS] Véhicule configuré : Toyota Corolla
2026-06-09 21:38:29 | WARNING  | obd.obd      | 'b'0A': Get permanent DTCs' is not supported
2026-06-09 21:38:29 | INFO     | OBD          | [OBD] Bilan DTCs — Aucun code défaut détecté (véhicule sain).
2026-06-09 21:38:31 | INFO     | obd.obd      | Sending command: b'010C': Engine RPM
2026-06-09 21:38:32 | INFO     | obd.OBDCommand | b'010C': Engine RPM did not receive any acceptable messages
2026-06-09 21:38:32 | INFO     | obd.obd      | Sending command: b'0105': Engine Coolant Temperature
2026-06-09 21:38:34 | INFO     | obd.OBDCommand | b'0105': Engine Coolant Temperature did not receive any acceptable messages
2026-06-09 21:38:34 | INFO     | obd.obd      | Sending command: b'0142': Control module voltage
2026-06-09 21:38:36 | INFO     | obd.OBDCommand | b'0142': Control module voltage did not receive any acceptable messages
2026-06-09 21:38:37 | INFO     | obd.obd      | Sending command: b'010C': Engine RPM
2026-06-09 21:38:39 | INFO     | obd.OBDCommand | b'010C': Engine RPM did not receive any acceptable messages
2026-06-09 21:38:39 | WARNING  | OBD.Safety   | [Safety] PID 'RPM' désactivé après 3 échecs consécutifs (non supporté ou timeout).
2026-06-09 21:38:39 | INFO     | obd.obd      | Sending command: b'0105': Engine Coolant Temperature
2026-06-09 21:38:41 | INFO     | DIAGNOSTIC   | [DIAGNOSTIC] Réponse rapide (bypass LLM) exacte pour : 'bonjour'
2026-06-09 21:38:41 | INFO     | TTS          | [TTS] Synthèse et lecture [Priorité 0] : Bonjour ! Comment puis-je vous aider aujourd'hui ?
2026-06-09 21:38:41 | INFO     | obd.OBDCommand | b'0105': Engine Coolant Temperature did not receive any acceptable messages
2026-06-09 21:38:41 | WARNING  | OBD.Safety   | [Safety] PID 'COOLANT_TEMP' désactivé après 3 échecs consécutifs (non supporté ou timeout).
2026-06-09 21:38:41 | INFO     | obd.obd      | Sending command: b'0142': Control module voltage
2026-06-09 21:38:43 | INFO     | obd.OBDCommand | b'0142': Control module voltage did not receive any acceptable messages
2026-06-09 21:38:43 | WARNING  | OBD.Safety   | [Safety] PID 'CONTROL_MODULE_VOLTAGE' désactivé après 3 échecs consécutifs (non supporté ou timeout).
2026-06-09 21:38:44 | INFO     | obd.obd      | Sending command: b'010D': Vehicle Speed
2026-06-09 21:38:46 | INFO     | obd.OBDCommand | b'010D': Vehicle Speed did not receive any acceptable messages
2026-06-09 21:38:46 | INFO     | obd.obd      | Sending command: b'0104': Calculated Engine Load
2026-06-09 21:38:48 | INFO     | obd.OBDCommand | b'0104': Calculated Engine Load did not receive any acceptable messages
2026-06-09 21:38:48 | INFO     | obd.obd      | Sending command: b'0110': Air Flow Rate (MAF)
2026-06-09 21:38:50 | INFO     | obd.OBDCommand | b'0110': Air Flow Rate (MAF) did not receive any acceptable messages
2026-06-09 21:38:50 | WARNING  | OBD          | [OBD] Budget latence CAN dépassé (> 4000ms). Fin anticipée du cycle.
2026-06-09 21:38:52 | INFO     | DIAGNOSTIC   | [DIAGNOSTIC] Génération de la réponse (free chat) via llama.cpp...
2026-06-09 21:38:54 | INFO     | obd.obd      | Sending command: b'010D': Vehicle Speed
2026-06-09 21:38:56 | INFO     | obd.OBDCommand | b'010D': Vehicle Speed did not receive any acceptable messages
2026-06-09 21:38:56 | INFO     | obd.obd      | Sending command: b'0104': Calculated Engine Load
2026-06-09 21:38:58 | INFO     | obd.OBDCommand | b'0104': Calculated Engine Load did not receive any acceptable messages
2026-06-09 21:38:58 | INFO     | obd.obd      | Sending command: b'0110': Air Flow Rate (MAF)
2026-06-09 21:38:59 | INFO     | obd.OBDCommand | b'0110': Air Flow Rate (MAF) did not receive any acceptable messages
2026-06-09 21:38:59 | WARNING  | OBD          | [OBD] Budget latence CAN dépassé (> 4000ms). Fin anticipée du cycle.
2026-06-09 21:39:02 | INFO     | obd.obd      | Sending command: b'0111': Throttle Position
2026-06-09 21:39:04 | INFO     | obd.OBDCommand | b'0111': Throttle Position did not receive any acceptable messages
2026-06-09 21:39:04 | INFO     | obd.obd      | Sending command: b'010F': Intake Air Temp
2026-06-09 21:39:06 | INFO     | obd.OBDCommand | b'010F': Intake Air Temp did not receive any acceptable messages
2026-06-09 21:39:06 | INFO     | obd.obd      | Sending command: b'0114': O2: Bank 1 - Sensor 1 Voltage
2026-06-09 21:39:08 | INFO     | obd.OBDCommand | b'0114': O2: Bank 1 - Sensor 1 Voltage did not receive any acceptable messages
2026-06-09 21:39:09 | ERROR    | OBD.Safety   | [Safety] Freeze ELM327 détecté : aucune réponse depuis 49s (seuil=45.0s). Reconnexion requise.
2026-06-09 21:39:09 | WARNING  | OBD          | [OBD] Watchdog déclenché — ELM327 potentiellement gelé. Forçage de la reconnexion.
2026-06-09 21:39:09 | INFO     | obd.obd      | Closing connection
2026-06-09 21:39:09 | INFO     | obd.elm327   | closing port
2026-06-09 21:39:09 | INFO     | OBD          | [OBD] Tentative de reconnexion dans 3s (essai #1)...
2026-06-09 21:39:12 | INFO     | OBD          | [OBD] Tentative de connexion sur /dev/ttyUSB0 (baudrate=38400, fast=False, timeout=15s)...
2026-06-09 21:39:18 | INFO     | OBD          | [OBD] Présence matérielle de l'ELM327 confirmée sur /dev/ttyUSB0.
2026-06-09 21:39:18 | INFO     | OBD          | [OBD] Essai de connexion sur /dev/ttyUSB0 avec protocole : Auto-détection
2026-06-09 21:39:18 | INFO     | obd.obd      | ======================= python-OBD (v0.7.3) =======================
2026-06-09 21:39:18 | INFO     | obd.obd      | Explicit port defined
2026-06-09 21:39:18 | INFO     | obd.elm327   | Initializing ELM327: PORT=/dev/ttyUSB0 BAUD=38400 PROTOCOL=auto
2026-06-09 21:39:26 | ERROR    | obd.elm327   | Failed to query protocol 0100: unable to connect
2026-06-09 21:39:26 | ERROR    | obd.elm327   | Connected to the adapter, but failed to connect to the vehicle
2026-06-09 21:39:26 | WARNING  | obd.obd      | Cannot load commands: No connection to car
2026-06-09 21:39:26 | INFO     | obd.obd      | ===================================================================
2026-06-09 21:39:26 | INFO     | OBD          | [OBD] Adaptateur ELM327 détecté sur /dev/ttyUSB0, mais véhicule hors contact (statut : ELM Connected)
2026-06-09 21:39:26 | INFO     | OBD          | [OBD] Interface sur /dev/ttyUSB0 : ELM327 détecté — véhicule hors contact (MAR/ACC requis). Stabilisation 3.0s...
2026-06-09 21:39:29 | INFO     | obd.obd      | Sending command: b'ATRV': Voltage detected by OBD-II adapter
2026-06-09 21:39:29 | INFO     | OBD          | [OBD] Tension batterie : 0.1 V
2026-06-09 21:39:29 | WARNING  | OBD          | [OBD] Tension faible (< 11.5 V) — les lectures peuvent être instables.
2026-06-09 21:39:29 | INFO     | OBD.Safety   | [Safety] PID health tracker réinitialisé (reconnexion).
2026-06-09 21:39:29 | INFO     | OBD          | [OBD] Connexion établie sur /dev/ttyUSB0 — statut : en attente contact.
2026-06-09 21:39:29 | INFO     | obd.obd      | Sending command: b'010C': Engine RPM
2026-06-09 21:39:31 | INFO     | obd.OBDCommand | b'010C': Engine RPM did not receive any acceptable messages
2026-06-09 21:39:31 | INFO     | obd.obd      | Sending command: b'0105': Engine Coolant Temperature
2026-06-09 21:39:32 | INFO     | obd.OBDCommand | b'0105': Engine Coolant Temperature did not receive any acceptable messages
2026-06-09 21:39:33 | INFO     | obd.obd      | Sending command: b'0142': Control module voltage
2026-06-09 21:39:34 | INFO     | obd.OBDCommand | b'0142': Control module voltage did not receive any acceptable messages
2026-06-09 21:39:34 | WARNING  | OBD          | [OBD] Budget latence CAN dépassé (> 4000ms). Fin anticipée du cycle.
2026-06-09 21:39:34 | INFO     | obd.obd      | Sending command: b'03': Get DTCs
2026-06-09 21:39:36 | INFO     | obd.obd      | Sending command: b'07': Get DTCs from the current/last driving cycle
2026-06-09 21:39:37 | WARNING  | obd.obd      | 'b'0A': Get permanent DTCs' is not supported
2026-06-09 21:39:38 | INFO     | OBD          | [OBD] Bilan DTCs — Aucun code défaut détecté (véhicule sain).
2026-06-09 21:39:39 | INFO     | obd.obd      | Sending command: b'010C': Engine RPM
2026-06-09 21:39:41 | INFO     | obd.OBDCommand | b'010C': Engine RPM did not receive any acceptable messages
2026-06-09 21:39:41 | INFO     | obd.obd      | Sending command: b'0105': Engine Coolant Temperature
2026-06-09 21:39:42 | INFO     | obd.OBDCommand | b'0105': Engine Coolant Temperature did not receive any acceptable messages
2026-06-09 21:39:43 | INFO     | obd.obd      | Sending command: b'0142': Control module voltage
2026-06-09 21:39:44 | INFO     | obd.OBDCommand | b'0142': Control module voltage did not receive any acceptable messages
2026-06-09 21:39:46 | INFO     | obd.obd      | Sending command: b'010C': Engine RPM
2026-06-09 21:39:47 | INFO     | obd.OBDCommand | b'010C': Engine RPM did not receive any acceptable messages
2026-06-09 21:39:47 | WARNING  | OBD.Safety   | [Safety] PID 'RPM' désactivé après 3 échecs consécutifs (non supporté ou timeout).
2026-06-09 21:39:48 | INFO     | obd.obd      | Sending command: b'0105': Engine Coolant Temperature
2026-06-09 21:39:49 | INFO     | obd.OBDCommand | b'0105': Engine Coolant Temperature did not receive any acceptable messages
2026-06-09 21:39:49 | WARNING  | OBD.Safety   | [Safety] PID 'COOLANT_TEMP' désactivé après 3 échecs consécutifs (non supporté ou timeout).
2026-06-09 21:39:50 | INFO     | obd.obd      | Sending command: b'0142': Control module voltage
2026-06-09 21:39:51 | INFO     | obd.OBDCommand | b'0142': Control module voltage did not receive any acceptable messages
2026-06-09 21:39:51 | WARNING  | OBD.Safety   | [Safety] PID 'CONTROL_MODULE_VOLTAGE' désactivé après 3 échecs consécutifs (non supporté ou timeout).
2026-06-09 21:39:53 | INFO     | obd.obd      | Sending command: b'010D': Vehicle Speed
2026-06-09 21:39:54 | INFO     | TTS          | [TTS] Synthèse et lecture [Priorité 0] : Je suis SEDAI, votre assistant de diagnostic automobile embarqué. Je suis là pour vous aider à comprendre le fonctionnement de votre véhicule, à identifier les problèmes potentiels et à vous donner des conseils d'entretien. N'hésitez pas à me poser vos questions!
2026-06-09 21:39:54 | INFO     | obd.OBDCommand | b'010D': Vehicle Speed did not receive any acceptable messages
2026-06-09 21:39:55 | INFO     | obd.obd      | Sending command: b'0104': Calculated Engine Load
2026-06-09 21:39:56 | INFO     | obd.OBDCommand | b'0104': Calculated Engine Load did not receive any acceptable messages
2026-06-09 21:39:56 | INFO     | obd.obd      | Sending command: b'0110': Air Flow Rate (MAF)
2026-06-09 21:39:58 | INFO     | obd.OBDCommand | b'0110': Air Flow Rate (MAF) did not receive any acceptable messages
2026-06-09 21:39:58 | WARNING  | OBD          | [OBD] Budget latence CAN dépassé (> 4000ms). Fin anticipée du cycle.
2026-06-09 21:40:03 | INFO     | obd.obd      | Sending command: b'010D': Vehicle Speed
2026-06-09 21:40:04 | INFO     | obd.OBDCommand | b'010D': Vehicle Speed did not receive any acceptable messages
2026-06-09 21:40:04 | INFO     | obd.obd      | Sending command: b'0104': Calculated Engine Load
2026-06-09 21:40:06 | INFO     | obd.OBDCommand | b'0104': Calculated Engine Load did not receive any acceptable messages
2026-06-09 21:40:06 | INFO     | obd.obd      | Sending command: b'0110': Air Flow Rate (MAF)
2026-06-09 21:40:08 | INFO     | obd.OBDCommand | b'0110': Air Flow Rate (MAF) did not receive any acceptable messages
2026-06-09 21:40:08 | WARNING  | OBD          | [OBD] Budget latence CAN dépassé (> 4000ms). Fin anticipée du cycle.
2026-06-09 21:40:11 | INFO     | obd.obd      | Sending command: b'0111': Throttle Position
2026-06-09 21:40:12 | INFO     | obd.OBDCommand | b'0111': Throttle Position did not receive any acceptable messages
2026-06-09 21:40:13 | INFO     | obd.obd      | Sending command: b'010F': Intake Air Temp
2026-06-09 21:40:14 | INFO     | obd.OBDCommand | b'010F': Intake Air Temp did not receive any acceptable messages
2026-06-09 21:40:15 | INFO     | obd.obd      | Sending command: b'0114': O2: Bank 1 - Sensor 1 Voltage
2026-06-09 21:40:16 | INFO     | obd.OBDCommand | b'0114': O2: Bank 1 - Sensor 1 Voltage did not receive any acceptable messages
2026-06-09 21:40:18 | ERROR    | OBD.Safety   | [Safety] Freeze ELM327 détecté : aucune réponse depuis 49s (seuil=45.0s). Reconnexion requise.
2026-06-09 21:40:18 | WARNING  | OBD          | [OBD] Watchdog déclenché — ELM327 potentiellement gelé. Forçage de la reconnexion.
2026-06-09 21:40:18 | INFO     | obd.obd      | Closing connection
2026-06-09 21:40:18 | INFO     | obd.elm327   | closing port
2026-06-09 21:40:18 | INFO     | OBD          | [OBD] Tentative de reconnexion dans 3s (essai #1)...
2026-06-09 21:40:21 | INFO     | OBD          | [OBD] Tentative de connexion sur /dev/ttyUSB0 (baudrate=38400, fast=False, timeout=15s)...
2026-06-09 21:40:27 | INFO     | OBD          | [OBD] Présence matérielle de l'ELM327 confirmée sur /dev/ttyUSB0.
2026-06-09 21:40:27 | INFO     | OBD          | [OBD] Essai de connexion sur /dev/ttyUSB0 avec protocole : Auto-détection
2026-06-09 21:40:27 | INFO     | obd.obd      | ======================= python-OBD (v0.7.3) =======================
2026-06-09 21:40:27 | INFO     | obd.obd      | Explicit port defined
2026-06-09 21:40:27 | INFO     | obd.elm327   | Initializing ELM327: PORT=/dev/ttyUSB0 BAUD=38400 PROTOCOL=auto
2026-06-09 21:40:35 | ERROR    | obd.elm327   | Failed to query protocol 0100: unable to connect
2026-06-09 21:40:35 | ERROR    | obd.elm327   | Connected to the adapter, but failed to connect to the vehicle
2026-06-09 21:40:35 | WARNING  | obd.obd      | Cannot load commands: No connection to car
2026-06-09 21:40:35 | INFO     | obd.obd      | ===================================================================
2026-06-09 21:40:35 | INFO     | OBD          | [OBD] Adaptateur ELM327 détecté sur /dev/ttyUSB0, mais véhicule hors contact (statut : ELM Connected)
2026-06-09 21:40:35 | INFO     | OBD          | [OBD] Interface sur /dev/ttyUSB0 : ELM327 détecté — véhicule hors contact (MAR/ACC requis). Stabilisation 3.0s...
2026-06-09 21:40:38 | INFO     | obd.obd      | Sending command: b'ATRV': Voltage detected by OBD-II adapter
2026-06-09 21:40:38 | INFO     | OBD          | [OBD] Tension batterie : 0.1 V
2026-06-09 21:40:38 | WARNING  | OBD          | [OBD] Tension faible (< 11.5 V) — les lectures peuvent être instables.
2026-06-09 21:40:38 | INFO     | OBD.Safety   | [Safety] PID health tracker réinitialisé (reconnexion).
2026-06-09 21:40:38 | INFO     | OBD          | [OBD] Connexion établie sur /dev/ttyUSB0 — statut : en attente contact.
2026-06-09 21:40:38 | INFO     | obd.obd      | Sending command: b'010C': Engine RPM
2026-06-09 21:40:39 | INFO     | obd.OBDCommand | b'010C': Engine RPM did not receive any acceptable messages
2026-06-09 21:40:39 | INFO     | obd.obd      | Sending command: b'0105': Engine Coolant Temperature
2026-06-09 21:40:41 | INFO     | obd.OBDCommand | b'0105': Engine Coolant Temperature did not receive any acceptable messages
2026-06-09 21:40:41 | INFO     | obd.obd      | Sending command: b'0142': Control module voltage
2026-06-09 21:40:43 | INFO     | obd.OBDCommand | b'0142': Control module voltage did not receive any acceptable messages
2026-06-09 21:40:43 | WARNING  | OBD          | [OBD] Budget latence CAN dépassé (> 4000ms). Fin anticipée du cycle.
2026-06-09 21:40:43 | INFO     | obd.obd      | Sending command: b'03': Get DTCs
2026-06-09 21:40:44 | INFO     | obd.obd      | Sending command: b'07': Get DTCs from the current/last driving cycle
2026-06-09 21:40:46 | WARNING  | obd.obd      | 'b'0A': Get permanent DTCs' is not supported
2026-06-09 21:40:46 | INFO     | OBD          | [OBD] Bilan DTCs — Aucun code défaut détecté (véhicule sain).
2026-06-09 21:40:48 | INFO     | obd.obd      | Sending command: b'010C': Engine RPM
2026-06-09 21:40:49 | INFO     | obd.OBDCommand | b'010C': Engine RPM did not receive any acceptable messages
2026-06-09 21:40:49 | INFO     | obd.obd      | Sending command: b'0105': Engine Coolant Temperature
2026-06-09 21:40:51 | INFO     | obd.OBDCommand | b'0105': Engine Coolant Temperature did not receive any acceptable messages
2026-06-09 21:40:51 | INFO     | obd.obd      | Sending command: b'0142': Control module voltage
2026-06-09 21:40:53 | INFO     | obd.OBDCommand | b'0142': Control module voltage did not receive any acceptable messages
2026-06-09 21:40:54 | INFO     | obd.obd      | Sending command: b'010C': Engine RPM
2026-06-09 21:40:56 | INFO     | obd.OBDCommand | b'010C': Engine RPM did not receive any acceptable messages
2026-06-09 21:40:56 | WARNING  | OBD.Safety   | [Safety] PID 'RPM' désactivé après 3 échecs consécutifs (non supporté ou timeout).
2026-06-09 21:40:56 | INFO     | obd.obd      | Sending command: b'0105': Engine Coolant Temperature
2026-06-09 21:40:58 | INFO     | obd.OBDCommand | b'0105': Engine Coolant Temperature did not receive any acceptable messages
2026-06-09 21:40:58 | WARNING  | OBD.Safety   | [Safety] PID 'COOLANT_TEMP' désactivé après 3 échecs consécutifs (non supporté ou timeout).
2026-06-09 21:40:58 | INFO     | obd.obd      | Sending command: b'0142': Control module voltage
2026-06-09 21:41:00 | INFO     | obd.OBDCommand | b'0142': Control module voltage did not receive any acceptable messages
2026-06-09 21:41:00 | WARNING  | OBD.Safety   | [Safety] PID 'CONTROL_MODULE_VOLTAGE' désactivé après 3 échecs consécutifs (non supporté ou timeout).
2026-06-09 21:41:01 | INFO     | obd.obd      | Sending command: b'010D': Vehicle Speed
2026-06-09 21:41:03 | INFO     | obd.OBDCommand | b'010D': Vehicle Speed did not receive any acceptable messages
2026-06-09 21:41:03 | INFO     | obd.obd      | Sending command: b'0104': Calculated Engine Load
2026-06-09 21:41:05 | INFO     | obd.OBDCommand | b'0104': Calculated Engine Load did not receive any acceptable messages
2026-06-09 21:41:05 | INFO     | obd.obd      | Sending command: b'0110': Air Flow Rate (MAF)
2026-06-09 21:41:07 | INFO     | obd.OBDCommand | b'0110': Air Flow Rate (MAF) did not receive any acceptable messages
2026-06-09 21:41:07 | WARNING  | OBD          | [OBD] Budget latence CAN dépassé (> 4000ms). Fin anticipée du cycle.
2026-06-09 21:41:11 | INFO     | obd.obd      | Sending command: b'010D': Vehicle Speed
2026-06-09 21:41:13 | INFO     | obd.OBDCommand | b'010D': Vehicle Speed did not receive any acceptable messages
2026-06-09 21:41:13 | INFO     | DIAGNOSTIC   | [DIAGNOSTIC] Bypass LLM intelligent : question concepteurs détectée → réponse explicite.
2026-06-09 21:41:13 | INFO     | TTS          | [TTS] Synthèse et lecture [Priorité 0] : Le développement de ce système embarqué intelligent a été assuré par BARA Ezechiel Merveil et BOGNINOU Armel, étudiants en Maintenance des Systèmes (option automobile) de l'INSTI de Lokossa.
2026-06-09 21:41:13 | INFO     | obd.obd      | Sending command: b'0104': Calculated Engine Load
2026-06-09 21:41:15 | INFO     | obd.OBDCommand | b'0104': Calculated Engine Load did not receive any acceptable messages
2026-06-09 21:41:15 | INFO     | obd.obd      | Sending command: b'0110': Air Flow Rate (MAF)
2026-06-09 21:41:16 | INFO     | obd.OBDCommand | b'0110': Air Flow Rate (MAF) did not receive any acceptable messages
2026-06-09 21:41:16 | WARNING  | OBD          | [OBD] Budget latence CAN dépassé (> 4000ms). Fin anticipée du cycle.
2026-06-09 21:41:19 | INFO     | obd.obd      | Sending command: b'0111': Throttle Position
2026-06-09 21:41:21 | INFO     | obd.OBDCommand | b'0111': Throttle Position did not receive any acceptable messages
2026-06-09 21:41:21 | INFO     | obd.obd      | Sending command: b'010F': Intake Air Temp
2026-06-09 21:41:23 | INFO     | obd.OBDCommand | b'010F': Intake Air Temp did not receive any acceptable messages
2026-06-09 21:41:23 | INFO     | obd.obd      | Sending command: b'0114': O2: Bank 1 - Sensor 1 Voltage
2026-06-09 21:41:25 | INFO     | obd.OBDCommand | b'0114': O2: Bank 1 - Sensor 1 Voltage did not receive any acceptable messages
2026-06-09 21:41:26 | ERROR    | OBD.Safety   | [Safety] Freeze ELM327 détecté : aucune réponse depuis 49s (seuil=45.0s). Reconnexion requise.
2026-06-09 21:41:26 | WARNING  | OBD          | [OBD] Watchdog déclenché — ELM327 potentiellement gelé. Forçage de la reconnexion.
2026-06-09 21:41:26 | INFO     | obd.obd      | Closing connection
2026-06-09 21:41:26 | INFO     | obd.elm327   | closing port
2026-06-09 21:41:26 | INFO     | OBD          | [OBD] Tentative de reconnexion dans 3s (essai #1)...
2026-06-09 21:41:29 | INFO     | OBD          | [OBD] Tentative de connexion sur /dev/ttyUSB0 (baudrate=38400, fast=False, timeout=15s)...
2026-06-09 21:41:35 | INFO     | OBD          | [OBD] Présence matérielle de l'ELM327 confirmée sur /dev/ttyUSB0.
2026-06-09 21:41:35 | INFO     | OBD          | [OBD] Essai de connexion sur /dev/ttyUSB0 avec protocole : Auto-détection
2026-06-09 21:41:35 | INFO     | obd.obd      | ======================= python-OBD (v0.7.3) =======================
2026-06-09 21:41:35 | INFO     | obd.obd      | Explicit port defined
2026-06-09 21:41:35 | INFO     | obd.elm327   | Initializing ELM327: PORT=/dev/ttyUSB0 BAUD=38400 PROTOCOL=auto
2026-06-09 21:41:43 | ERROR    | obd.elm327   | Failed to query protocol 0100: unable to connect
2026-06-09 21:41:43 | ERROR    | obd.elm327   | Connected to the adapter, but failed to connect to the vehicle
2026-06-09 21:41:43 | WARNING  | obd.obd      | Cannot load commands: No connection to car
2026-06-09 21:41:43 | INFO     | obd.obd      | ===================================================================
2026-06-09 21:41:43 | INFO     | OBD          | [OBD] Adaptateur ELM327 détecté sur /dev/ttyUSB0, mais véhicule hors contact (statut : ELM Connected)
2026-06-09 21:41:43 | INFO     | OBD          | [OBD] Interface sur /dev/ttyUSB0 : ELM327 détecté — véhicule hors contact (MAR/ACC requis). Stabilisation 3.0s...
2026-06-09 21:41:46 | INFO     | obd.obd      | Sending command: b'ATRV': Voltage detected by OBD-II adapter
2026-06-09 21:41:46 | INFO     | OBD          | [OBD] Tension batterie : 0.1 V
2026-06-09 21:41:46 | WARNING  | OBD          | [OBD] Tension faible (< 11.5 V) — les lectures peuvent être instables.
2026-06-09 21:41:46 | INFO     | OBD.Safety   | [Safety] PID health tracker réinitialisé (reconnexion).
2026-06-09 21:41:46 | INFO     | OBD          | [OBD] Connexion établie sur /dev/ttyUSB0 — statut : en attente contact.
2026-06-09 21:41:46 | INFO     | obd.obd      | Sending command: b'010C': Engine RPM
2026-06-09 21:41:47 | INFO     | obd.OBDCommand | b'010C': Engine RPM did not receive any acceptable messages
2026-06-09 21:41:48 | INFO     | obd.obd      | Sending command: b'0105': Engine Coolant Temperature
2026-06-09 21:41:49 | INFO     | obd.OBDCommand | b'0105': Engine Coolant Temperature did not receive any acceptable messages
2026-06-09 21:41:50 | INFO     | obd.obd      | Sending command: b'0142': Control module voltage
2026-06-09 21:41:51 | INFO     | obd.OBDCommand | b'0142': Control module voltage did not receive any acceptable messages
2026-06-09 21:41:51 | WARNING  | OBD          | [OBD] Budget latence CAN dépassé (> 4000ms). Fin anticipée du cycle.
2026-06-09 21:41:51 | INFO     | obd.obd      | Sending command: b'03': Get DTCs
2026-06-09 21:41:53 | INFO     | obd.obd      | Sending command: b'07': Get DTCs from the current/last driving cycle
2026-06-09 21:41:54 | WARNING  | obd.obd      | 'b'0A': Get permanent DTCs' is not supported
2026-06-09 21:41:54 | INFO     | OBD          | [OBD] Bilan DTCs — Aucun code défaut détecté (véhicule sain).
2026-06-09 21:41:55 | INFO     | DIAGNOSTIC   | [DIAGNOSTIC] Génération de la réponse (free chat) via llama.cpp...
2026-06-09 21:41:56 | INFO     | obd.obd      | Sending command: b'010C': Engine RPM
2026-06-09 21:41:58 | INFO     | obd.OBDCommand | b'010C': Engine RPM did not receive any acceptable messages
2026-06-09 21:41:58 | INFO     | obd.obd      | Sending command: b'0105': Engine Coolant Temperature
2026-06-09 21:41:59 | INFO     | obd.OBDCommand | b'0105': Engine Coolant Temperature did not receive any acceptable messages
2026-06-09 21:42:00 | INFO     | obd.obd      | Sending command: b'0142': Control module voltage
2026-06-09 21:42:01 | INFO     | obd.OBDCommand | b'0142': Control module voltage did not receive any acceptable messages
2026-06-09 21:42:03 | INFO     | obd.obd      | Sending command: b'010C': Engine RPM
2026-06-09 21:42:04 | INFO     | obd.OBDCommand | b'010C': Engine RPM did not receive any acceptable messages
2026-06-09 21:42:04 | WARNING  | OBD.Safety   | [Safety] PID 'RPM' désactivé après 3 échecs consécutifs (non supporté ou timeout).
2026-06-09 21:42:05 | INFO     | obd.obd      | Sending command: b'0105': Engine Coolant Temperature
2026-06-09 21:42:06 | INFO     | obd.OBDCommand | b'0105': Engine Coolant Temperature did not receive any acceptable messages
2026-06-09 21:42:06 | WARNING  | OBD.Safety   | [Safety] PID 'COOLANT_TEMP' désactivé après 3 échecs consécutifs (non supporté ou timeout).
2026-06-09 21:42:07 | INFO     | obd.obd      | Sending command: b'0142': Control module voltage
2026-06-09 21:42:08 | INFO     | obd.OBDCommand | b'0142': Control module voltage did not receive any acceptable messages
2026-06-09 21:42:08 | WARNING  | OBD.Safety   | [Safety] PID 'CONTROL_MODULE_VOLTAGE' désactivé après 3 échecs consécutifs (non supporté ou timeout).
2026-06-09 21:42:10 | INFO     | obd.obd      | Sending command: b'010D': Vehicle Speed
2026-06-09 21:42:11 | INFO     | obd.OBDCommand | b'010D': Vehicle Speed did not receive any acceptable messages
2026-06-09 21:42:11 | INFO     | obd.obd      | Sending command: b'0104': Calculated Engine Load
2026-06-09 21:42:13 | INFO     | obd.OBDCommand | b'0104': Calculated Engine Load did not receive any acceptable messages
2026-06-09 21:42:13 | INFO     | obd.obd      | Sending command: b'0110': Air Flow Rate (MAF)
2026-06-09 21:42:15 | INFO     | obd.OBDCommand | b'0110': Air Flow Rate (MAF) did not receive any acceptable messages
2026-06-09 21:42:15 | WARNING  | OBD          | [OBD] Budget latence CAN dépassé (> 4000ms). Fin anticipée du cycle.
2026-06-09 21:42:19 | INFO     | obd.obd      | Sending command: b'010D': Vehicle Speed
2026-06-09 21:42:21 | INFO     | obd.OBDCommand | b'010D': Vehicle Speed did not receive any acceptable messages
2026-06-09 21:42:21 | INFO     | obd.obd      | Sending command: b'0104': Calculated Engine Load
2026-06-09 21:42:23 | INFO     | obd.OBDCommand | b'0104': Calculated Engine Load did not receive any acceptable messages
2026-06-09 21:42:23 | INFO     | obd.obd      | Sending command: b'0110': Air Flow Rate (MAF)
2026-06-09 21:42:25 | INFO     | obd.OBDCommand | b'0110': Air Flow Rate (MAF) did not receive any acceptable messages
2026-06-09 21:42:25 | WARNING  | OBD          | [OBD] Budget latence CAN dépassé (> 4000ms). Fin anticipée du cycle.
2026-06-09 21:42:28 | INFO     | obd.obd      | Sending command: b'0111': Throttle Position
2026-06-09 21:42:29 | INFO     | obd.OBDCommand | b'0111': Throttle Position did not receive any acceptable messages
2026-06-09 21:42:30 | INFO     | obd.obd      | Sending command: b'010F': Intake Air Temp
2026-06-09 21:42:31 | INFO     | obd.OBDCommand | b'010F': Intake Air Temp did not receive any acceptable messages
2026-06-09 21:42:32 | INFO     | obd.obd      | Sending command: b'0114': O2: Bank 1 - Sensor 1 Voltage
2026-06-09 21:42:33 | INFO     | obd.OBDCommand | b'0114': O2: Bank 1 - Sensor 1 Voltage did not receive any acceptable messages
2026-06-09 21:42:35 | ERROR    | OBD.Safety   | [Safety] Freeze ELM327 détecté : aucune réponse depuis 49s (seuil=45.0s). Reconnexion requise.
2026-06-09 21:42:35 | WARNING  | OBD          | [OBD] Watchdog déclenché — ELM327 potentiellement gelé. Forçage de la reconnexion.
2026-06-09 21:42:35 | INFO     | obd.obd      | Closing connection
2026-06-09 21:42:35 | INFO     | obd.elm327   | closing port
2026-06-09 21:42:35 | INFO     | OBD          | [OBD] Tentative de reconnexion dans 3s (essai #1)...
2026-06-09 21:42:38 | INFO     | OBD          | [OBD] Tentative de connexion sur /dev/ttyUSB0 (baudrate=38400, fast=False, timeout=15s)...
2026-06-09 21:42:40 | INFO     | TTS          | [TTS] Synthèse et lecture [Priorité 1] : Bien sûr, nous pouvons discuter de tout ce qui concerne votre véhicule! Je peux analyser les données en temps réel, vous expliquer les codes défauts (même s'il n'y en a pas pour le moment), et vous donner des informations sur le fonctionnement de différents systèmes comme le moteur, l'ABS, ou la transmission. N'hésitez pas à me poser vos questions, je suis là pour vous aider à comprendre ce qui se passe sous le capot.
2026-06-09 21:42:44 | INFO     | OBD          | [OBD] Présence matérielle de l'ELM327 confirmée sur /dev/ttyUSB0.
2026-06-09 21:42:44 | INFO     | OBD          | [OBD] Essai de connexion sur /dev/ttyUSB0 avec protocole : Auto-détection
2026-06-09 21:42:44 | INFO     | obd.obd      | ======================= python-OBD (v0.7.3) =======================
2026-06-09 21:42:44 | INFO     | obd.obd      | Explicit port defined
2026-06-09 21:42:44 | INFO     | obd.elm327   | Initializing ELM327: PORT=/dev/ttyUSB0 BAUD=38400 PROTOCOL=auto
2026-06-09 21:42:52 | ERROR    | obd.elm327   | Failed to query protocol 0100: unable to connect
2026-06-09 21:42:52 | ERROR    | obd.elm327   | Connected to the adapter, but failed to connect to the vehicle
2026-06-09 21:42:52 | WARNING  | obd.obd      | Cannot load commands: No connection to car
2026-06-09 21:42:52 | INFO     | obd.obd      | ===================================================================
2026-06-09 21:42:52 | INFO     | OBD          | [OBD] Adaptateur ELM327 détecté sur /dev/ttyUSB0, mais véhicule hors contact (statut : ELM Connected)
2026-06-09 21:42:52 | INFO     | OBD          | [OBD] Interface sur /dev/ttyUSB0 : ELM327 détecté — véhicule hors contact (MAR/ACC requis). Stabilisation 3.0s...
2026-06-09 21:42:55 | INFO     | obd.obd      | Sending command: b'ATRV': Voltage detected by OBD-II adapter
2026-06-09 21:42:55 | INFO     | OBD          | [OBD] Tension batterie : 0.1 V
2026-06-09 21:42:55 | WARNING  | OBD          | [OBD] Tension faible (< 11.5 V) — les lectures peuvent être instables.
2026-06-09 21:42:55 | INFO     | OBD.Safety   | [Safety] PID health tracker réinitialisé (reconnexion).
2026-06-09 21:42:55 | INFO     | OBD          | [OBD] Connexion établie sur /dev/ttyUSB0 — statut : en attente contact.
2026-06-09 21:42:55 | INFO     | obd.obd      | Sending command: b'010C': Engine RPM
2026-06-09 21:42:56 | INFO     | obd.OBDCommand | b'010C': Engine RPM did not receive any acceptable messages
2026-06-09 21:42:56 | INFO     | obd.obd      | Sending command: b'0105': Engine Coolant Temperature
2026-06-09 21:42:58 | INFO     | obd.OBDCommand | b'0105': Engine Coolant Temperature did not receive any acceptable messages
2026-06-09 21:42:58 | INFO     | obd.obd      | Sending command: b'0142': Control module voltage
2026-06-09 21:43:00 | INFO     | obd.OBDCommand | b'0142': Control module voltage did not receive any acceptable messages
2026-06-09 21:43:00 | WARNING  | OBD          | [OBD] Budget latence CAN dépassé (> 4000ms). Fin anticipée du cycle.
2026-06-09 21:43:00 | INFO     | obd.obd      | Sending command: b'03': Get DTCs
2026-06-09 21:43:01 | INFO     | obd.obd      | Sending command: b'07': Get DTCs from the current/last driving cycle
2026-06-09 21:43:03 | WARNING  | obd.obd      | 'b'0A': Get permanent DTCs' is not supported
2026-06-09 21:43:03 | INFO     | OBD          | [OBD] Bilan DTCs — Aucun code défaut détecté (véhicule sain).
2026-06-09 21:43:05 | INFO     | obd.obd      | Sending command: b'010C': Engine RPM
2026-06-09 21:43:06 | INFO     | obd.OBDCommand | b'010C': Engine RPM did not receive any acceptable messages
2026-06-09 21:43:06 | INFO     | obd.obd      | Sending command: b'0105': Engine Coolant Temperature
2026-06-09 21:43:08 | INFO     | obd.OBDCommand | b'0105': Engine Coolant Temperature did not receive any acceptable messages
2026-06-09 21:43:08 | INFO     | obd.obd      | Sending command: b'0142': Control module voltage
2026-06-09 21:43:10 | INFO     | obd.OBDCommand | b'0142': Control module voltage did not receive any acceptable messages
2026-06-09 21:43:11 | INFO     | obd.obd      | Sending command: b'010C': Engine RPM
2026-06-09 21:43:13 | INFO     | obd.OBDCommand | b'010C': Engine RPM did not receive any acceptable messages
2026-06-09 21:43:13 | WARNING  | OBD.Safety   | [Safety] PID 'RPM' désactivé après 3 échecs consécutifs (non supporté ou timeout).
2026-06-09 21:43:13 | INFO     | obd.obd      | Sending command: b'0105': Engine Coolant Temperature
2026-06-09 21:43:15 | INFO     | obd.OBDCommand | b'0105': Engine Coolant Temperature did not receive any acceptable messages
2026-06-09 21:43:15 | WARNING  | OBD.Safety   | [Safety] PID 'COOLANT_TEMP' désactivé après 3 échecs consécutifs (non supporté ou timeout).
2026-06-09 21:43:15 | INFO     | obd.obd      | Sending command: b'0142': Control module voltage
2026-06-09 21:43:17 | INFO     | obd.OBDCommand | b'0142': Control module voltage did not receive any acceptable messages
2026-06-09 21:43:17 | WARNING  | OBD.Safety   | [Safety] PID 'CONTROL_MODULE_VOLTAGE' désactivé après 3 échecs consécutifs (non supporté ou timeout).
2026-06-09 21:43:18 | INFO     | obd.obd      | Sending command: b'010D': Vehicle Speed
2026-06-09 21:43:20 | INFO     | obd.OBDCommand | b'010D': Vehicle Speed did not receive any acceptable messages
2026-06-09 21:43:20 | INFO     | obd.obd      | Sending command: b'0104': Calculated Engine Load
2026-06-09 21:43:22 | INFO     | obd.OBDCommand | b'0104': Calculated Engine Load did not receive any acceptable messages
2026-06-09 21:43:22 | INFO     | obd.obd      | Sending command: b'0110': Air Flow Rate (MAF)
2026-06-09 21:43:23 | INFO     | obd.OBDCommand | b'0110': Air Flow Rate (MAF) did not receive any acceptable messages
2026-06-09 21:43:23 | WARNING  | OBD          | [OBD] Budget latence CAN dépassé (> 4000ms). Fin anticipée du cycle.
2026-06-09 21:43:28 | INFO     | obd.obd      | Sending command: b'010D': Vehicle Speed
2026-06-09 21:43:30 | INFO     | obd.OBDCommand | b'010D': Vehicle Speed did not receive any acceptable messages
2026-06-09 21:43:30 | INFO     | obd.obd      | Sending command: b'0104': Calculated Engine Load
2026-06-09 21:43:31 | INFO     | obd.OBDCommand | b'0104': Calculated Engine Load did not receive any acceptable messages
2026-06-09 21:43:32 | INFO     | obd.obd      | Sending command: b'0110': Air Flow Rate (MAF)
2026-06-09 21:43:33 | INFO     | obd.OBDCommand | b'0110': Air Flow Rate (MAF) did not receive any acceptable messages
2026-06-09 21:43:33 | WARNING  | OBD          | [OBD] Budget latence CAN dépassé (> 4000ms). Fin anticipée du cycle.
2026-06-09 21:43:36 | INFO     | obd.obd      | Sending command: b'0111': Throttle Position
2026-06-09 21:43:38 | INFO     | obd.OBDCommand | b'0111': Throttle Position did not receive any acceptable messages
2026-06-09 21:43:38 | INFO     | obd.obd      | Sending command: b'010F': Intake Air Temp
2026-06-09 21:43:40 | INFO     | obd.OBDCommand | b'010F': Intake Air Temp did not receive any acceptable messages
2026-06-09 21:43:40 | INFO     | obd.obd      | Sending command: b'0114': O2: Bank 1 - Sensor 1 Voltage
2026-06-09 21:43:42 | INFO     | obd.OBDCommand | b'0114': O2: Bank 1 - Sensor 1 Voltage did not receive any acceptable messages
2026-06-09 21:43:43 | ERROR    | OBD.Safety   | [Safety] Freeze ELM327 détecté : aucune réponse depuis 49s (seuil=45.0s). Reconnexion requise.
2026-06-09 21:43:43 | WARNING  | OBD          | [OBD] Watchdog déclenché — ELM327 potentiellement gelé. Forçage de la reconnexion.
2026-06-09 21:43:43 | INFO     | obd.obd      | Closing connection
2026-06-09 21:43:43 | INFO     | obd.elm327   | closing port
2026-06-09 21:43:43 | INFO     | OBD          | [OBD] Tentative de reconnexion dans 3s (essai #1)...
2026-06-09 21:43:46 | INFO     | OBD          | [OBD] Tentative de connexion sur /dev/ttyUSB0 (baudrate=38400, fast=False, timeout=15s)...
2026-06-09 21:43:52 | INFO     | OBD          | [OBD] Présence matérielle de l'ELM327 confirmée sur /dev/ttyUSB0.
2026-06-09 21:43:52 | INFO     | OBD          | [OBD] Essai de connexion sur /dev/ttyUSB0 avec protocole : Auto-détection
2026-06-09 21:43:52 | INFO     | obd.obd      | ======================= python-OBD (v0.7.3) =======================
2026-06-09 21:43:52 | INFO     | obd.obd      | Explicit port defined
2026-06-09 21:43:52 | INFO     | obd.elm327   | Initializing ELM327: PORT=/dev/ttyUSB0 BAUD=38400 PROTOCOL=auto
2026-06-09 21:44:00 | ERROR    | obd.elm327   | Failed to query protocol 0100: unable to connect
2026-06-09 21:44:00 | ERROR    | obd.elm327   | Connected to the adapter, but failed to connect to the vehicle
2026-06-09 21:44:00 | WARNING  | obd.obd      | Cannot load commands: No connection to car
2026-06-09 21:44:00 | INFO     | obd.obd      | ===================================================================
2026-06-09 21:44:00 | INFO     | OBD          | [OBD] Adaptateur ELM327 détecté sur /dev/ttyUSB0, mais véhicule hors contact (statut : ELM Connected)
2026-06-09 21:44:00 | INFO     | OBD          | [OBD] Interface sur /dev/ttyUSB0 : ELM327 détecté — véhicule hors contact (MAR/ACC requis). Stabilisation 3.0s...
2026-06-09 21:44:03 | INFO     | obd.obd      | Sending command: b'ATRV': Voltage detected by OBD-II adapter
2026-06-09 21:44:03 | INFO     | OBD          | [OBD] Tension batterie : 0.1 V
2026-06-09 21:44:03 | WARNING  | OBD          | [OBD] Tension faible (< 11.5 V) — les lectures peuvent être instables.
2026-06-09 21:44:03 | INFO     | OBD.Safety   | [Safety] PID health tracker réinitialisé (reconnexion).
2026-06-09 21:44:03 | INFO     | OBD          | [OBD] Connexion établie sur /dev/ttyUSB0 — statut : en attente contact.
2026-06-09 21:44:03 | INFO     | obd.obd      | Sending command: b'010C': Engine RPM
2026-06-09 21:44:20 | WARNING  | obd.elm327   | Failed to read port
2026-06-09 21:44:20 | INFO     | obd.OBDCommand | b'010C': Engine RPM did not receive any acceptable messages
2026-06-09 21:44:20 | INFO     | obd.obd      | Sending command: b'0105': Engine Coolant Temperature
2026-06-09 21:44:20 | CRITICAL | obd.elm327   | Device disconnected while writing
2026-06-09 21:44:20 | INFO     | obd.elm327   | cannot perform __read() when unconnected
2026-06-09 21:44:20 | INFO     | obd.elm327   | cannot perform __read() when unconnected
2026-06-09 21:44:20 | INFO     | obd.elm327   | cannot perform __read() when unconnected
2026-06-09 21:44:20 | INFO     | obd.elm327   | cannot perform __read() when unconnected
2026-06-09 21:44:20 | INFO     | obd.elm327   | cannot perform __read() when unconnected
2026-06-09 21:44:20 | INFO     | obd.elm327   | cannot perform __read() when unconnected
2026-06-09 21:44:20 | INFO     | obd.elm327   | cannot perform __read() when unconnected
2026-06-09 21:44:21 | INFO     | obd.elm327   | cannot perform __read() when unconnected
2026-06-09 21:44:21 | INFO     | obd.elm327   | cannot perform __read() when unconnected
2026-06-09 21:44:21 | INFO     | obd.elm327   | cannot perform __read() when unconnected
2026-06-09 21:44:21 | INFO     | obd.elm327   | cannot perform __read() when unconnected
2026-06-09 21:44:21 | INFO     | obd.elm327   | cannot perform __read() when unconnected
2026-06-09 21:44:21 | INFO     | obd.obd      | No valid OBD Messages returned
2026-06-09 21:44:21 | WARNING  | obd.obd      | Query failed, no connection available
2026-06-09 21:44:21 | WARNING  | OBD          | [OBD] Budget latence CAN dépassé (> 4000ms). Fin anticipée du cycle.
2026-06-09 21:44:21 | WARNING  | obd.obd      | Query failed, no connection available
2026-06-09 21:44:21 | WARNING  | obd.obd      | Query failed, no connection available
2026-06-09 21:44:21 | WARNING  | obd.obd      | Query failed, no connection available
2026-06-09 21:44:21 | INFO     | OBD          | [OBD] Bilan DTCs — Aucun code défaut détecté (véhicule sain).
2026-06-09 21:44:23 | WARNING  | obd.obd      | Query failed, no connection available
2026-06-09 21:44:23 | WARNING  | obd.obd      | Query failed, no connection available
2026-06-09 21:44:23 | WARNING  | obd.obd      | Query failed, no connection available
2026-06-09 21:44:25 | WARNING  | obd.obd      | Query failed, no connection available
2026-06-09 21:44:25 | WARNING  | OBD.Safety   | [Safety] PID 'RPM' désactivé après 3 échecs consécutifs (non supporté ou timeout).
2026-06-09 21:44:25 | WARNING  | obd.obd      | Query failed, no connection available
2026-06-09 21:44:25 | WARNING  | OBD.Safety   | [Safety] PID 'COOLANT_TEMP' désactivé après 3 échecs consécutifs (non supporté ou timeout).
2026-06-09 21:44:25 | WARNING  | obd.obd      | Query failed, no connection available
2026-06-09 21:44:25 | WARNING  | OBD.Safety   | [Safety] PID 'CONTROL_MODULE_VOLTAGE' désactivé après 3 échecs consécutifs (non supporté ou timeout).
2026-06-09 21:44:27 | WARNING  | obd.obd      | Query failed, no connection available
2026-06-09 21:44:27 | WARNING  | obd.obd      | Query failed, no connection available
2026-06-09 21:44:28 | WARNING  | obd.obd      | Query failed, no connection available
2026-06-09 21:44:28 | WARNING  | obd.obd      | Query failed, no connection available
2026-06-09 21:44:28 | WARNING  | obd.obd      | Query failed, no connection available
2026-06-09 21:44:28 | WARNING  | obd.obd      | Query failed, no connection available
2026-06-09 21:44:33 | WARNING  | obd.obd      | Query failed, no connection available
2026-06-09 21:44:33 | WARNING  | obd.obd      | Query failed, no connection available
2026-06-09 21:44:34 | WARNING  | obd.obd      | Query failed, no connection available
2026-06-09 21:44:34 | WARNING  | obd.obd      | Query failed, no connection available
2026-06-09 21:44:34 | WARNING  | obd.obd      | Query failed, no connection available
2026-06-09 21:44:34 | WARNING  | obd.obd      | Query failed, no connection available
2026-06-09 21:44:37 | WARNING  | obd.obd      | Query failed, no connection available
2026-06-09 21:44:38 | WARNING  | obd.obd      | Query failed, no connection available
2026-06-09 21:44:38 | WARNING  | obd.obd      | Query failed, no connection available
2026-06-09 21:44:40 | WARNING  | obd.obd      | Query failed, no connection available
2026-06-09 21:44:40 | WARNING  | OBD.Safety   | [Safety] PID 'SPEED' désactivé après 3 échecs consécutifs (non supporté ou timeout).
2026-06-09 21:44:40 | WARNING  | obd.obd      | Query failed, no connection available
2026-06-09 21:44:40 | WARNING  | OBD.Safety   | [Safety] PID 'ENGINE_LOAD' désactivé après 3 échecs consécutifs (non supporté ou timeout).
2026-06-09 21:44:40 | WARNING  | obd.obd      | Query failed, no connection available
2026-06-09 21:44:40 | WARNING  | OBD.Safety   | [Safety] PID 'MAF' désactivé après 3 échecs consécutifs (non supporté ou timeout).
2026-06-09 21:44:40 | WARNING  | obd.obd      | Query failed, no connection available
2026-06-09 21:44:40 | WARNING  | OBD.Safety   | [Safety] PID 'SHORT_FUEL_TRIM_1' désactivé après 3 échecs consécutifs (non supporté ou timeout).
2026-06-09 21:44:41 | WARNING  | obd.obd      | Query failed, no connection available
2026-06-09 21:44:41 | WARNING  | OBD.Safety   | [Safety] PID 'LONG_FUEL_TRIM_1' désactivé après 3 échecs consécutifs (non supporté ou timeout).
2026-06-09 21:44:41 | WARNING  | obd.obd      | Query failed, no connection available
2026-06-09 21:44:41 | WARNING  | OBD.Safety   | [Safety] PID 'FUEL_LEVEL' désactivé après 3 échecs consécutifs (non supporté ou timeout).
2026-06-09 21:44:49 | ERROR    | OBD.Safety   | [Safety] Freeze ELM327 détecté : aucune réponse depuis 46s (seuil=45.0s). Reconnexion requise.
2026-06-09 21:44:49 | WARNING  | OBD          | [OBD] Watchdog déclenché — ELM327 potentiellement gelé. Forçage de la reconnexion.
2026-06-09 21:44:49 | INFO     | obd.obd      | Closing connection
2026-06-09 21:44:49 | INFO     | OBD          | [OBD] Tentative de reconnexion dans 3s (essai #1)...
2026-06-09 21:44:52 | INFO     | OBD          | [OBD] Aucun port série USB physique (/dev/ttyUSB* ou /dev/ttyACM*) détecté. Recherche suspendue. Veuillez brancher l'adaptateur ELM327.
2026-06-09 21:44:52 | INFO     | OBD          | [OBD] Tentative de reconnexion dans 6s (essai #2)...
2026-06-09 21:44:58 | INFO     | OBD          | [OBD] Aucun port série USB physique (/dev/ttyUSB* ou /dev/ttyACM*) détecté. Recherche suspendue. Veuillez brancher l'adaptateur ELM327.
2026-06-09 21:44:58 | INFO     | OBD          | [OBD] Tentative de reconnexion dans 12s (essai #3)...
2026-06-09 21:45:10 | INFO     | OBD          | [OBD] Aucun port série USB physique (/dev/ttyUSB* ou /dev/ttyACM*) détecté. Recherche suspendue. Veuillez brancher l'adaptateur ELM327.
2026-06-09 21:45:10 | INFO     | OBD          | [OBD] Tentative de reconnexion dans 24s (essai #4)...
2026-06-09 21:45:34 | INFO     | OBD          | [OBD] Aucun port série USB physique (/dev/ttyUSB* ou /dev/ttyACM*) détecté. Recherche suspendue. Veuillez brancher l'adaptateur ELM327.
2026-06-09 21:45:34 | INFO     | OBD          | [OBD] Tentative de reconnexion dans 48s (essai #5)...
2026-06-09 21:46:22 | INFO     | OBD          | [OBD] Aucun port série USB physique (/dev/ttyUSB* ou /dev/ttyACM*) détecté. Recherche suspendue. Veuillez brancher l'adaptateur ELM327.
2026-06-09 21:46:22 | INFO     | OBD          | [OBD] Tentative de reconnexion dans 96s (essai #6)...
2026-06-09 21:47:13 | INFO     | WS           | [WS] Client connecté : ('192.168.4.115', 49190)
2026-06-09 21:47:13 | INFO     | WS           | [WS] Véhicule configuré : Toyota coralla
2026-06-09 21:47:58 | INFO     | OBD          | [OBD] Aucun port série USB physique (/dev/ttyUSB* ou /dev/ttyACM*) détecté. Recherche suspendue. Veuillez brancher l'adaptateur ELM327.
2026-06-09 21:47:58 | INFO     | OBD          | [OBD] Tentative de reconnexion dans 120s (essai #7)...
2026-06-09 21:47:58 | INFO     | WS           | [WS] Action : Activation PTT.
2026-06-09 21:47:58 | INFO     | VOICE        | [VOICE] Réinitialisation de l'API PortAudio (SoundDevice)...
2026-06-09 21:47:58 | ERROR    | VOICE        | [VOICE] Impossible d'ouvrir le microphone (Index 3, Rate 48000Hz) : Error querying device 3
2026-06-09 21:48:00 | INFO     | VOICE        | [VOICE] Réinitialisation de l'API PortAudio (SoundDevice)...
2026-06-09 21:48:00 | ERROR    | VOICE        | [VOICE] Impossible d'ouvrir le microphone (Index 3, Rate 48000Hz) : Error querying device 3
2026-06-09 21:48:02 | INFO     | VOICE        | [VOICE] Réinitialisation de l'API PortAudio (SoundDevice)...
2026-06-09 21:48:02 | ERROR    | VOICE        | [VOICE] Impossible d'ouvrir le microphone (Index 3, Rate 48000Hz) : Error querying device 3
2026-06-09 21:48:04 | INFO     | VOICE        | [VOICE] Réinitialisation de l'API PortAudio (SoundDevice)...
2026-06-09 21:48:05 | ERROR    | VOICE        | [VOICE] Impossible d'ouvrir le microphone (Index 3, Rate 48000Hz) : Error querying device 3
2026-06-09 21:48:07 | INFO     | VOICE        | [VOICE] Réinitialisation de l'API PortAudio (SoundDevice)...
2026-06-09 21:48:07 | ERROR    | VOICE        | [VOICE] Impossible d'ouvrir le microphone (Index 3, Rate 48000Hz) : Error querying device 3
2026-06-09 21:48:09 | INFO     | VOICE        | [VOICE] Réinitialisation de l'API PortAudio (SoundDevice)...
2026-06-09 21:48:09 | ERROR    | VOICE        | [VOICE] Impossible d'ouvrir le microphone (Index 3, Rate 48000Hz) : Error querying device 3
2026-06-09 21:48:11 | INFO     | VOICE        | [VOICE] Réinitialisation de l'API PortAudio (SoundDevice)...
2026-06-09 21:48:11 | ERROR    | VOICE        | [VOICE] Impossible d'ouvrir le microphone (Index 3, Rate 48000Hz) : Error querying device 3
2026-06-09 21:48:12 | INFO     | WS           | [WS] Action : Désactivation PTT.
2026-06-09 21:48:58 | INFO     | WS           | [WS] Action : Activation PTT.
2026-06-09 21:48:58 | INFO     | VOICE        | [VOICE] Réinitialisation de l'API PortAudio (SoundDevice)...
2026-06-09 21:48:58 | ERROR    | VOICE        | [VOICE] Impossible d'ouvrir le microphone (Index 3, Rate 48000Hz) : Error querying device 3
2026-06-09 21:49:00 | INFO     | VOICE        | [VOICE] Réinitialisation de l'API PortAudio (SoundDevice)...
2026-06-09 21:49:00 | ERROR    | VOICE        | [VOICE] Impossible d'ouvrir le microphone (Index 3, Rate 48000Hz) : Error querying device 3
2026-06-09 21:49:02 | INFO     | VOICE        | [VOICE] Réinitialisation de l'API PortAudio (SoundDevice)...
2026-06-09 21:49:02 | ERROR    | VOICE        | [VOICE] Impossible d'ouvrir le microphone (Index 3, Rate 48000Hz) : Error querying device 3
2026-06-09 21:49:04 | INFO     | VOICE        | [VOICE] Réinitialisation de l'API PortAudio (SoundDevice)...
2026-06-09 21:49:04 | ERROR    | VOICE        | [VOICE] Impossible d'ouvrir le microphone (Index 3, Rate 48000Hz) : Error querying device 3
2026-06-09 21:49:06 | INFO     | VOICE        | [VOICE] Réinitialisation de l'API PortAudio (SoundDevice)...
2026-06-09 21:49:06 | ERROR    | VOICE        | [VOICE] Impossible d'ouvrir le microphone (Index 3, Rate 48000Hz) : Error querying device 3
2026-06-09 21:49:08 | INFO     | VOICE        | [VOICE] Réinitialisation de l'API PortAudio (SoundDevice)...
2026-06-09 21:49:08 | ERROR    | VOICE        | [VOICE] Impossible d'ouvrir le microphone (Index 3, Rate 48000Hz) : Error querying device 3
2026-06-09 21:49:10 | INFO     | VOICE        | [VOICE] Réinitialisation de l'API PortAudio (SoundDevice)...
2026-06-09 21:49:10 | ERROR    | VOICE        | [VOICE] Impossible d'ouvrir le microphone (Index 3, Rate 48000Hz) : Error querying device 3
2026-06-09 21:49:12 | INFO     | VOICE        | [VOICE] Réinitialisation de l'API PortAudio (SoundDevice)...
2026-06-09 21:49:12 | ERROR    | VOICE        | [VOICE] Impossible d'ouvrir le microphone (Index 3, Rate 48000Hz) : Error querying device 3
2026-06-09 21:49:14 | INFO     | VOICE        | [VOICE] Réinitialisation de l'API PortAudio (SoundDevice)...
2026-06-09 21:49:14 | ERROR    | VOICE        | [VOICE] Impossible d'ouvrir le microphone (Index 3, Rate 48000Hz) : Error querying device 3
2026-06-09 21:49:16 | INFO     | VOICE        | [VOICE] Réinitialisation de l'API PortAudio (SoundDevice)...
2026-06-09 21:49:16 | ERROR    | VOICE        | [VOICE] Impossible d'ouvrir le microphone (Index 3, Rate 48000Hz) : Error querying device 3
2026-06-09 21:49:18 | INFO     | VOICE        | [VOICE] Réinitialisation de l'API PortAudio (SoundDevice)...
2026-06-09 21:49:18 | ERROR    | VOICE        | [VOICE] Impossible d'ouvrir le microphone (Index 3, Rate 48000Hz) : Error querying device 3
2026-06-09 21:49:20 | INFO     | VOICE        | [VOICE] Réinitialisation de l'API PortAudio (SoundDevice)...
2026-06-09 21:49:20 | ERROR    | VOICE        | [VOICE] Impossible d'ouvrir le microphone (Index 3, Rate 48000Hz) : Error querying device 3
2026-06-09 21:49:22 | INFO     | VOICE        | [VOICE] Réinitialisation de l'API PortAudio (SoundDevice)...
2026-06-09 21:49:22 | ERROR    | VOICE        | [VOICE] Impossible d'ouvrir le microphone (Index 3, Rate 48000Hz) : Error querying device 3
2026-06-09 21:49:24 | INFO     | WS           | [WS] Action : Désactivation PTT.
2026-06-09 21:49:36 | INFO     | SEDAI        | [SEDAI] Signal de terminaison reçu. Entame de la décroissance propre...
2026-06-09 21:49:36 | INFO     | MONITOR      | [MONITOR] Arrêt du thread de surveillance.
2026-06-09 21:49:36 | INFO     | OBD          | [OBD] Thread OBD arrêté proprement.
2026-06-09 21:49:36 | INFO     | VOICE        | [VOICE] Arrêt du thread de reconnaissance vocale.
2026-06-09 21:49:36 | INFO     | SEDAI        | [SEDAI] Initiation aux process de fermeture...
2026-06-09 21:49:37 | INFO     | TTS          | [TTS] Arrêt du thread TTS.
2026-06-09 21:49:37 | INFO     | DIAGNOSTIC   | [DIAGNOSTIC] Arrêt du thread de diagnostic.
2026-06-09 21:49:37 | INFO     | SEDAI        | [SEDAI] Extinction complète !
2026-06-09 21:49:43 | INFO     | SEDAI        | === Système de logging SEDAI initialisé ===
2026-06-09 21:49:43 | INFO     | SEDAI        | ==================================================
2026-06-09 21:49:43 | INFO     | SEDAI        |    SEDAI - Système Embarqué de Diagnostic Auto (v2.0)    
2026-06-09 21:49:43 | INFO     | SEDAI        | ==================================================
2026-06-09 21:49:43 | INFO     | SEDAI        | [SEDAI: 1/4] Vérification du modèle llama-cpp-python...
2026-06-09 21:49:43 | INFO     | STARTUP      | [STARTUP] Vérification du modèle llama.cpp...
2026-06-09 21:49:43 | INFO     | STARTUP      | [STARTUP] Modèle llama.cpp trouvé : /home/sedai/SEDAI/src/models/google_gemma-3-4b-it-Q5_K_M.gguf
2026-06-09 21:49:43 | INFO     | STARTUP      | [STARTUP] Sous-système IA initialisé avec succès.
2026-06-09 21:49:43 | INFO     | SEDAI        | [SEDAI] Chargement du modèle GGUF en mémoire (peut prendre jusqu'à 5 min)...
2026-06-09 21:50:42 | INFO     | SEDAI        | [SEDAI] Modèle chargé avec succès.
2026-06-09 21:50:42 | INFO     | SEDAI        | [SEDAI] Pré-chauffage du cache IA (Prefix Caching)...
2026-06-09 21:52:22 | INFO     | SEDAI        | [SEDAI] Cache initialisé. Système prêt pour une réactivité maximale.
2026-06-09 21:52:22 | INFO     | SEDAI        | [SEDAI: 2/4] Création du pipeline transactionnel...
2026-06-09 21:52:22 | INFO     | SEDAI        | [SEDAI: 3/4] Instanciation et couplage modulaire...
2026-06-09 21:52:22 | INFO     | MEMORY       | [MEMORY] Historique chargé : 2 échanges trouvés.
2026-06-09 21:52:22 | INFO     | TTS          | [TTS] Restauration du volume matériel sur la carte 2...
2026-06-09 21:52:22 | INFO     | VOICE        | [VOICE] Chargement du modèle ASR depuis /home/sedai/SEDAI/src/models/vosk/vosk-model-fr-0.6-linto-2.2.0...
2026-06-09 21:53:13 | INFO     | VOICE        | [VOICE] Modèle Vosk chargé avec succès.
2026-06-09 21:53:13 | INFO     | WS           | [WS] Carte audio USB détectée à l'index 2.
2026-06-09 21:53:13 | INFO     | SEDAI        | [SEDAI: 4/4] Top-départ de l'orchestrateur (Daemonisation)...
2026-06-09 21:53:13 | INFO     | TTS          | [TTS] Démarrage du thread de synthèse vocale.
2026-06-09 21:53:13 | INFO     | VOICE        | [VOICE] Démarrage du thread de reconnaissance vocale (Vosk Asynchrone).
2026-06-09 21:53:13 | INFO     | OBD          | [OBD] Démarrage du thread d'acquisition (time-slicing v2.1).
2026-06-09 21:53:13 | INFO     | MONITOR      | [MONITOR] Démarrage du thread de surveillance.
2026-06-09 21:53:13 | INFO     | DIAGNOSTIC   | [DIAGNOSTIC] Démarrage du thread de diagnostic IA.
2026-06-09 21:53:13 | INFO     | WS           | [WS] Serveur prêt sur 0.0.0.0:8765
2026-06-09 21:53:13 | INFO     | OBD          | [OBD] Tentative de reconnexion dans 3s (essai #1)...
2026-06-09 21:53:13 | INFO     | SEDAI        | [SEDAI] Système Opérationnel. Lancement autonome achevé à 100%.
2026-06-09 21:53:13 | INFO     | WS           | [WS] Démarrage de la boucle de diffusion (broadcast).
2026-06-09 21:53:16 | INFO     | OBD          | [OBD] Aucun port série USB physique (/dev/ttyUSB* ou /dev/ttyACM*) détecté. Recherche suspendue. Veuillez brancher l'adaptateur ELM327.
2026-06-09 21:53:16 | INFO     | OBD          | [OBD] Tentative de reconnexion dans 6s (essai #2)...
2026-06-09 21:53:22 | INFO     | OBD          | [OBD] Aucun port série USB physique (/dev/ttyUSB* ou /dev/ttyACM*) détecté. Recherche suspendue. Veuillez brancher l'adaptateur ELM327.
2026-06-09 21:53:22 | INFO     | OBD          | [OBD] Tentative de reconnexion dans 12s (essai #3)...
2026-06-09 21:53:22 | INFO     | TTS          | [TTS] Synthèse et lecture [Priorité 0] : Salut. Connexion système établie, je suis à votre écoute.
2026-06-09 21:53:34 | INFO     | OBD          | [OBD] Aucun port série USB physique (/dev/ttyUSB* ou /dev/ttyACM*) détecté. Recherche suspendue. Veuillez brancher l'adaptateur ELM327.
2026-06-09 21:53:34 | INFO     | OBD          | [OBD] Tentative de reconnexion dans 24s (essai #4)...
2026-06-09 21:53:58 | INFO     | OBD          | [OBD] Aucun port série USB physique (/dev/ttyUSB* ou /dev/ttyACM*) détecté. Recherche suspendue. Veuillez brancher l'adaptateur ELM327.
2026-06-09 21:53:58 | INFO     | OBD          | [OBD] Tentative de reconnexion dans 48s (essai #5)...
2026-06-09 21:54:46 | INFO     | OBD          | [OBD] Aucun port série USB physique (/dev/ttyUSB* ou /dev/ttyACM*) détecté. Recherche suspendue. Veuillez brancher l'adaptateur ELM327.
2026-06-09 21:54:46 | INFO     | OBD          | [OBD] Tentative de reconnexion dans 96s (essai #6)...
2026-06-09 21:56:22 | INFO     | OBD          | [OBD] Aucun port série USB physique (/dev/ttyUSB* ou /dev/ttyACM*) détecté. Recherche suspendue. Veuillez brancher l'adaptateur ELM327.
2026-06-09 21:56:22 | INFO     | OBD          | [OBD] Tentative de reconnexion dans 120s (essai #7)...
2026-06-09 21:58:22 | INFO     | OBD          | [OBD] Aucun port série USB physique (/dev/ttyUSB* ou /dev/ttyACM*) détecté. Recherche suspendue. Veuillez brancher l'adaptateur ELM327.
2026-06-09 21:58:22 | INFO     | OBD          | [OBD] Tentative de reconnexion dans 120s (essai #8)...
2026-06-09 22:00:22 | INFO     | OBD          | [OBD] Aucun port série USB physique (/dev/ttyUSB* ou /dev/ttyACM*) détecté. Recherche suspendue. Veuillez brancher l'adaptateur ELM327.
2026-06-09 22:00:22 | INFO     | OBD          | [OBD] Tentative de reconnexion dans 120s (essai #9)...
